word,doc01.txt,doc02.txt,doc03.txt,doc04.txt,doc05.txt,doc06.txt,doc07.txt,doc08.txt,doc09.txt,doc10.txt,doc11.txt,doc12.txt,doc13.txt,doc14.txt,doc15.txt,doc16.txt,doc17.txt,doc18.txt,doc19.txt,doc20.txt
some,1,0,1,0,1,0,0,0,1,0,0,0,0,0,0,0,0,0,0,0
of,1,1,1,1,1,1,1,1,1,1,1,1,1,1,1,1,1,1,1,1
the,1,1,1,1,1,1,1,1,1,1,1,1,1,1,1,0,1,1,1,1
smartest,1,0,0,0,0,0,0,0,0,0,0,0,0,0,0,0,0,0,0,0
dummies,1,0,0,0,0,0,0,0,0,0,0,0,0,0,0,0,0,0,0,0
can't,1,0,0,0,0,0,0,0,0,0,0,0,0,0,0,0,0,0,0,0
read,1,0,0,0,0,0,1,0,0,0,0,0,0,0,0,0,0,0,0,0
language,1,0,0,0,0,0,0,1,0,0,0,0,0,0,0,0,0,0,0,0
egyptian,1,0,0,0,0,0,0,0,0,0,0,0,0,0,0,0,0,0,0,0
mummies,1,0,0,0,0,0,0,0,0,0,0,0,0,0,0,0,0,0,0,0
an',1,0,0,0,0,0,0,0,0,0,0,0,0,0,0,0,0,0,0,0
a,1,1,1,1,1,1,1,1,1,1,1,1,1,1,1,0,1,1,1,1
fly,1,0,0,0,0,0,0,0,0,0,0,0,0,0,0,0,0,0,0,0
go,1,0,0,0,0,0,0,1,0,0,0,0,0,0,0,0,0,0,0,0
moon,1,0,0,0,0,0,0,0,0,0,0,0,0,0,0,0,0,0,0,0
and,1,1,1,1,1,1,1,1,1,1,1,1,1,1,1,0,1,1,1,1
find,1,0,0,0,0,0,1,0,0,0,0,0,0,0,0,0,0,0,0,0
food,1,0,0,0,0,0,0,0,0,0,0,0,0,0,0,0,0,0,0,0
for,1,1,1,1,1,0,0,0,1,1,1,1,0,1,1,0,0,1,0,1
starving,1,0,0,0,0,0,0,0,0,0,0,0,0,0,0,0,0,0,0,0
tummies,1,0,0,0,0,0,0,0,0,0,0,0,0,0,0,0,0,0,0,0
pay,1,0,0,0,0,0,0,0,0,0,0,0,0,0,0,0,0,0,0,0
no,1,0,1,0,0,0,0,0,0,0,0,0,0,0,1,0,0,0,0,0
mind,1,0,0,0,0,0,0,0,0,0,0,0,0,0,0,0,0,0,0,0
to,1,1,1,1,1,1,1,1,1,1,1,1,1,1,1,1,1,1,1,1
youths,1,0,0,0,0,0,0,0,0,0,0,0,0,0,0,0,0,0,0,0
cause,1,0,0,0,1,0,0,0,0,0,0,0,0,0,0,0,0,0,0,0
it's,1,0,0,0,0,0,0,0,0,0,0,0,0,0,0,0,1,0,0,0
not,1,0,1,1,1,0,1,0,1,0,0,0,1,0,0,0,0,0,0,0
like,1,0,1,0,1,0,0,0,0,0,0,0,0,0,0,0,0,0,0,0
future,1,0,0,1,0,0,0,0,0,0,0,0,0,0,0,0,0,0,0,0
depends,1,0,0,0,0,0,0,0,0,0,0,0,0,0,0,0,0,0,0,0
on,1,0,1,1,1,0,1,1,1,1,0,1,1,0,1,0,0,1,0,0
it,1,0,1,1,1,0,1,1,1,0,1,1,1,0,1,0,1,0,1,0
but,1,1,0,0,1,0,1,1,1,1,0,0,0,0,0,0,0,0,0,0
save,1,0,0,0,0,0,0,0,0,0,0,0,0,0,0,0,0,0,0,0
animals,1,0,0,0,0,0,0,0,0,0,0,0,0,0,0,0,0,0,0,0
in,1,1,1,1,1,1,1,1,1,1,1,1,1,0,1,0,0,1,0,1
zoo,1,0,0,0,0,0,0,0,0,0,0,0,0,0,0,0,0,0,0,0
chimpanzee,1,0,0,0,0,0,0,0,0,0,0,0,0,0,0,0,0,0,0,0
dem,1,0,0,0,0,0,0,0,0,0,0,0,0,0,0,0,0,0,0,0
make,1,0,0,0,0,0,0,0,0,0,0,0,0,0,0,0,0,0,0,0
big,1,0,0,0,0,0,0,0,0,0,0,0,0,0,0,0,0,0,0,0
money,1,0,0,0,0,0,1,0,1,0,0,0,0,0,0,0,0,0,0,0
this,1,1,1,0,1,0,1,0,1,1,0,0,1,0,0,0,0,1,0,0
is,1,1,0,0,1,1,1,1,1,1,1,1,1,0,1,0,1,1,1,1
how,1,0,1,0,1,0,1,0,1,0,0,0,0,0,0,0,1,0,0,0
media,1,0,0,0,0,0,0,0,0,0,0,0,0,0,0,0,0,0,0,0
pillages,1,0,0,0,0,0,0,0,0,0,0,0,0,0,0,0,0,0,0,0
tv,1,0,0,0,0,0,0,0,0,0,0,0,0,0,0,0,0,0,0,0
picture,1,0,0,0,0,0,0,0,0,0,0,0,0,0,0,0,0,0,0,0
savages,1,0,0,0,0,0,0,0,0,0,0,0,0,0,0,0,0,0,0,0
villages,1,0,0,0,0,0,0,0,0,0,0,0,0,0,0,0,0,0,0,0
scientist,1,0,0,0,0,0,0,0,0,0,0,0,0,0,0,0,0,0,0,0
still,1,0,1,0,0,0,0,0,0,0,0,0,0,0,0,0,0,0,0,0
explain,1,0,0,0,1,0,0,0,0,0,0,0,0,0,0,0,0,0,0,0
pyramids,1,0,0,0,0,0,0,0,0,0,0,0,0,0,0,0,0,0,0,0
huh,1,0,0,0,0,0,0,0,0,0,0,0,0,0,0,0,0,0,0,0
evangelists,1,0,0,0,0,0,0,0,0,0,0,0,0,0,0,0,0,0,0,0
making,1,0,0,0,0,0,0,0,1,0,0,0,0,0,0,0,0,0,0,0
living,1,0,0,0,0,0,0,0,0,0,0,0,0,0,0,0,0,0,0,0
videos,1,0,0,0,0,0,0,0,0,0,0,0,0,0,0,0,0,0,0,0
ribs,1,0,0,0,0,0,0,0,0,0,0,0,0,0,0,0,0,0,0,0
little,1,0,0,0,0,0,0,0,0,0,0,0,0,0,0,0,0,0,0,0
kids,1,0,0,0,0,0,0,0,1,0,0,0,1,0,0,0,0,0,0,0
stereotyping,1,0,0,0,0,0,0,0,0,0,0,0,0,0,0,0,0,0,0,0
image,1,0,0,0,0,0,0,0,0,0,0,1,0,0,0,0,0,0,0,0
images,1,0,0,0,0,0,0,0,0,0,0,1,0,0,0,0,0,0,0,0
what,1,0,1,0,1,0,1,0,1,0,0,0,0,0,0,0,0,0,0,0
you,1,0,0,1,0,0,1,0,0,0,0,0,1,0,0,0,0,0,0,0
buy,1,0,0,0,0,0,0,0,0,0,0,0,0,0,0,0,0,0,0,0
khaki,1,0,0,0,0,0,0,0,0,0,0,0,0,0,0,0,0,0,0,0
pants,1,0,0,0,0,0,0,0,0,0,0,0,0,0,0,0,0,0,0,0
all,1,0,1,0,1,0,0,0,1,0,1,1,0,0,0,0,0,0,0,0
sudden,1,0,0,0,0,0,0,0,0,0,0,0,0,0,0,0,0,0,0,0
say,1,0,0,0,0,0,0,0,1,0,0,0,0,0,0,0,0,0,0,0
indiana,1,0,0,0,0,0,0,0,0,0,0,0,0,0,0,0,0,0,0,0
jones,1,0,0,0,0,0,0,0,0,0,0,0,0,0,0,0,0,0,0,0
thief,1,0,0,0,0,0,0,0,0,0,0,0,0,0,0,0,0,0,0,0
out,1,0,1,0,0,0,1,0,1,0,0,0,0,0,0,0,0,0,0,0
gold,1,0,0,0,0,0,0,0,0,0,0,0,0,0,0,0,0,0,0,0
scrolls,1,0,0,0,0,0,0,0,0,0,0,0,0,0,0,0,0,0,0,0
even,1,1,0,0,0,0,0,1,0,0,1,0,0,0,0,0,0,0,0,0
buried,1,0,0,0,0,0,0,0,0,0,0,0,0,0,0,0,0,0,0,0
bones,1,0,0,0,0,0,0,0,0,0,0,0,0,0,0,0,0,0,0,0
worst,1,0,0,0,0,0,0,0,0,0,0,0,0,0,0,0,0,0,0,0
paparazzis,1,0,0,0,0,0,0,0,0,0,0,0,0,0,0,0,0,0,0,0
i've,1,0,0,0,0,0,0,0,0,0,0,0,0,0,0,0,0,0,0,0
ever,1,0,0,0,0,0,0,0,0,0,0,0,0,0,0,0,1,0,0,0
seen,1,0,0,0,0,0,0,0,0,0,0,0,0,0,0,0,0,0,0,0
i,1,0,0,0,0,0,1,0,0,0,0,0,0,0,0,0,0,0,0,0
known,1,1,0,0,1,0,0,0,0,0,0,1,0,0,0,0,0,0,0,0
put,1,1,1,0,0,0,0,1,0,0,0,0,0,0,0,0,0,0,0,0
display,1,0,0,0,0,0,0,0,0,0,0,0,0,0,0,0,0,0,0,0
so,1,0,1,0,0,0,1,0,0,0,0,1,0,0,0,0,0,0,0,0
world,1,0,1,0,0,0,0,0,1,0,1,1,0,0,0,0,0,0,0,0
can,1,0,0,0,1,0,1,0,1,1,0,0,0,0,0,0,1,1,0,0
see,1,0,0,0,1,0,0,0,1,0,0,0,0,0,0,0,1,0,0,0
that's,1,1,0,0,0,0,0,0,0,0,0,0,0,0,0,0,0,0,0,0
they,1,0,0,0,0,0,1,0,1,0,0,1,0,0,0,0,0,0,0,0
will,1,0,0,0,1,0,1,0,1,0,0,1,0,0,0,0,0,0,0,0
show,1,0,0,0,0,0,0,0,0,0,0,0,0,0,0,0,0,0,0,0
ones,1,0,0,0,0,0,0,0,0,0,0,0,0,0,0,0,0,0,0,0
west,1,0,0,0,0,0,0,0,0,0,0,0,0,0,0,0,0,0,0,0
never,1,0,0,0,1,0,0,0,0,0,0,0,0,0,0,0,0,0,0,0
move,1,0,0,1,0,0,0,0,0,0,0,0,0,0,0,0,0,0,0,0
east,1,0,0,0,0,0,0,0,0,0,0,0,0,0,0,0,0,0,0,0
feel,1,0,0,0,0,0,0,0,0,0,0,0,0,0,0,0,0,0,0,0
could,1,0,1,0,0,0,1,0,0,0,0,0,1,0,0,0,0,0,0,0
be,1,1,1,0,1,0,1,0,1,1,0,0,1,0,1,0,0,1,0,1
at,1,1,1,1,1,1,1,0,0,0,0,1,0,0,0,0,0,0,1,0
home,1,0,0,0,0,0,0,0,0,0,1,0,0,0,0,0,0,0,0,0
get,1,0,0,0,0,0,0,0,0,0,0,0,0,0,0,0,0,0,0,0
tricked,1,0,0,0,0,0,0,0,0,0,0,0,0,0,0,0,0,0,0,0
by,1,1,1,1,1,0,1,0,1,1,0,0,0,0,1,0,1,1,1,1
beast,1,0,0,0,0,0,0,0,0,0,0,0,0,0,0,0,0,0,0,0
where,1,0,0,0,0,0,0,0,0,1,0,0,0,0,0,0,0,0,1,0
ago,1,0,0,0,0,0,1,0,0,0,0,0,0,0,0,0,0,0,0,0
flee,1,0,0,0,0,0,0,0,0,0,0,0,0,0,0,0,0,0,0,0
when,1,1,1,0,0,0,1,0,1,0,0,1,1,0,0,0,0,0,0,0
monster,1,0,0,0,0,0,0,0,0,0,0,0,0,0,0,0,0,0,0,0
fully,1,0,0,0,0,0,0,0,0,0,0,0,0,0,0,0,0,0,0,0
grown,1,0,0,0,0,0,0,0,0,0,0,0,0,0,0,0,0,0,0,0
solomonic,1,0,0,0,0,0,0,0,0,0,0,0,0,0,0,0,0,0,0,0
linage,1,0,0,0,0,0,0,0,0,0,0,0,0,0,0,0,0,0,0,0
whe,1,0,0,0,0,0,0,0,0,0,0,0,0,0,0,0,0,0,0,0
defeat,1,0,0,0,0,0,0,0,0,0,0,0,0,0,0,0,0,0,0,0
them,1,1,1,0,0,0,1,0,1,0,1,0,1,0,0,0,0,0,0,0
coulda,1,0,0,0,0,0,0,0,0,0,0,0,0,0,0,0,0,0,0,0
clone,1,0,0,0,0,0,0,0,0,0,0,0,0,0,0,0,0,0,0,0
my,1,0,0,0,0,0,1,0,0,0,0,0,0,0,0,0,0,0,0,0
spiritual,1,0,0,0,0,0,0,0,0,0,0,0,0,0,0,0,0,0,0,0
dna,1,0,0,0,0,0,0,0,0,0,0,0,0,0,0,0,0,0,0,0
that,1,1,1,0,1,1,1,1,1,1,0,1,1,0,1,0,1,1,0,1
print,1,0,0,0,0,0,0,0,0,0,0,0,0,0,0,0,0,0,0,0
soul,1,0,0,0,0,0,0,0,0,0,0,0,0,0,0,0,0,0,0,0
forever,1,0,0,0,0,0,0,0,0,0,0,0,0,0,0,0,0,0,0,0
own,1,0,1,0,0,0,0,0,0,0,1,0,0,1,0,0,0,1,0,0
lord,1,0,0,0,0,0,0,0,0,0,0,0,0,0,0,0,0,0,0,0
we,1,0,0,0,1,1,1,0,0,0,0,0,0,0,0,0,0,0,0,0
born,1,0,0,0,0,0,0,0,0,0,0,0,1,0,0,0,0,0,0,0
knowing,1,0,0,0,0,0,0,0,0,0,0,0,0,0,0,0,0,0,0,0
are,1,0,0,0,1,1,1,1,1,1,0,0,0,0,1,0,0,0,0,1
growing,1,0,0,0,0,0,0,0,0,0,0,0,0,0,0,0,0,0,0,0
wiser,1,0,0,0,0,0,0,0,0,0,0,0,0,0,0,0,0,0,0,0
just,1,1,0,0,0,0,1,0,1,0,1,0,0,0,0,0,0,0,0,0
tall,1,0,0,0,0,0,0,0,0,0,0,0,0,0,0,0,0,0,0,0
thoughts,1,0,1,0,0,0,0,0,0,0,0,0,0,0,0,0,0,0,0,0
palms,1,0,0,0,0,0,0,0,0,0,0,0,0,0,0,0,0,0,0,0
predict,1,0,0,0,0,0,0,0,0,0,0,0,0,0,0,0,0,0,0,0
storms,1,0,0,0,0,0,0,0,0,0,0,0,0,0,0,0,0,0,0,0
coming,1,0,0,0,0,0,0,0,1,0,0,0,0,0,0,0,0,0,0,0
earth,1,0,0,0,0,0,0,0,0,0,0,0,0,0,0,0,0,0,0,0
was,1,0,1,1,0,0,1,0,1,0,0,1,1,0,1,0,0,1,0,0
flat,1,0,0,0,0,0,0,0,0,0,0,0,0,0,0,0,0,0,0,0
if,1,0,0,0,0,0,1,1,1,1,0,0,0,0,0,0,0,0,0,0
went,1,0,0,0,0,0,0,0,0,0,0,0,0,0,0,0,0,0,0,0
too,1,0,0,0,0,0,0,0,0,0,0,0,0,0,0,0,0,0,0,0
far,1,0,0,0,0,0,0,0,0,0,0,0,0,0,0,0,0,0,0,0
would,1,0,1,0,0,0,0,0,1,0,0,0,1,0,0,0,0,0,0,0
fall,1,0,0,0,0,0,0,0,0,0,0,0,0,0,0,0,0,0,0,0
off,1,0,0,0,0,0,0,0,1,0,0,0,0,0,0,0,0,0,0,0
now,1,0,0,0,0,0,0,0,1,0,0,0,0,0,0,0,0,0,0,0
round,1,0,0,0,0,0,0,0,0,0,0,0,0,0,1,0,0,0,0,0
shape,1,0,0,0,0,0,0,0,0,0,0,0,0,0,0,0,0,0,0,0
change,1,0,0,0,0,0,0,0,0,0,0,0,0,0,0,0,1,0,0,0
again,1,0,0,0,0,0,0,0,0,0,0,0,0,0,0,0,0,0,0,0
everybody,1,0,0,0,0,0,0,0,0,0,0,0,0,0,0,0,0,0,0,0
woulda,1,0,0,0,0,0,0,0,0,0,0,0,0,0,0,0,0,0,0,0
start,1,0,1,0,0,0,0,1,0,0,0,0,1,0,0,0,0,0,0,0
laugh,1,0,0,0,0,0,0,0,0,0,0,0,0,0,0,0,0,0,0,0
average,1,0,0,0,0,0,0,0,0,0,0,0,0,0,0,0,0,0,0,0
man,1,1,0,1,0,0,0,0,1,0,0,0,1,0,0,0,0,0,0,0
prove,1,0,0,0,0,0,0,0,0,0,0,0,0,0,0,0,0,0,0,0
most,1,0,1,1,1,0,0,0,0,0,0,0,0,1,1,0,1,0,0,0
things,1,0,0,0,0,0,0,0,0,0,0,0,0,0,0,0,0,0,0,0
he,1,1,1,1,0,0,0,0,0,0,0,0,1,0,0,0,0,0,0,0
chooses,1,0,0,0,0,0,0,0,0,0,0,0,0,0,0,0,0,0,0,0
speak,1,0,0,0,0,0,0,0,0,0,0,0,0,0,0,0,0,0,0,0
won't,1,0,0,0,0,0,0,0,0,0,0,0,0,0,0,0,0,0,0,0
research,1,0,0,0,0,0,0,0,0,1,0,0,0,1,0,0,0,1,0,0
root,1,0,0,0,0,0,0,0,0,0,0,0,0,0,0,0,0,0,0,0
truth,1,0,0,0,0,0,0,0,0,0,0,0,0,0,0,0,0,0,0,0
seek,1,0,0,0,0,0,1,0,0,0,0,0,0,0,0,0,0,1,0,0
scholars,1,0,0,0,0,0,0,0,0,0,0,0,0,0,0,0,0,0,0,0
teach,1,0,0,0,0,0,0,0,0,0,0,0,0,0,0,0,0,0,0,0
universities,1,0,0,0,0,0,0,0,0,0,0,0,0,0,0,0,0,0,0,0
claim,1,0,0,0,0,0,0,0,0,0,0,0,0,0,0,0,0,0,0,0
they're,1,0,0,0,0,0,0,0,0,0,0,0,0,0,0,0,0,0,0,0
smart,1,0,0,0,0,0,0,0,0,0,0,0,0,0,0,0,0,0,0,0
cunning,1,0,0,0,0,0,0,0,0,0,0,0,0,0,0,0,0,0,0,0
tell,1,0,0,0,0,0,0,0,0,0,0,0,0,0,0,0,0,0,0,0
cure,1,0,0,0,0,0,0,0,0,0,0,0,0,0,0,0,0,0,0,0
sneeze,1,0,0,0,0,0,0,0,0,0,0,0,0,0,0,0,0,0,0,0
their,1,1,1,0,1,1,1,0,1,0,0,0,0,1,0,0,0,1,0,0
nose,1,0,0,0,0,0,0,0,0,0,0,0,0,0,0,0,0,0,0,0
running,1,0,0,0,0,0,0,0,0,1,0,0,0,0,0,0,0,0,0,0
rich,1,0,0,0,0,0,0,0,0,0,0,0,0,0,0,0,0,0,0,0
stitched,1,0,0,0,0,0,0,0,0,0,0,0,0,0,0,0,0,0,0,0
up,1,1,1,0,0,0,0,0,0,0,0,1,0,0,0,0,0,0,0,0
cut,1,0,0,0,0,0,1,0,0,0,0,0,0,0,0,0,0,0,0,0
heal,1,0,0,0,0,0,0,0,0,0,0,0,0,0,0,0,0,0,0,0
broken,1,0,0,0,0,0,0,0,0,0,0,0,0,0,0,0,0,0,0,0
bush,1,0,0,0,0,0,0,0,0,0,0,0,0,0,0,0,0,0,0,0
with,1,1,1,1,1,1,1,1,1,0,1,0,1,1,0,0,1,1,0,1
wet,1,0,0,0,0,0,0,0,0,0,0,0,0,0,0,0,0,0,0,0
mud,1,0,0,0,0,0,0,0,0,0,0,0,0,0,0,0,0,0,0,0
signs,1,0,0,0,0,0,0,0,0,0,0,0,0,0,0,0,0,0,0,0
stars,1,0,0,0,0,0,0,0,0,0,0,0,0,0,0,0,0,0,0,0
peace,1,0,0,0,0,0,0,0,0,0,0,0,0,0,0,0,0,0,0,0
fight,1,0,0,0,0,0,0,0,0,0,0,0,0,0,0,0,0,0,0,0
war,1,0,0,0,0,0,0,0,0,0,0,0,0,0,0,0,0,0,0,0
milk,1,0,0,0,0,0,0,0,0,0,0,0,0,0,0,0,0,0,0,0
cows,1,0,0,0,0,0,0,0,0,0,0,0,0,0,0,0,0,0,0,0
though,1,0,1,0,0,0,0,0,0,0,0,0,0,0,0,0,0,0,0,0
drive,1,0,0,0,0,0,0,0,0,0,0,0,0,0,0,0,0,0,0,0
cars,1,0,0,0,0,0,0,0,0,0,0,0,0,0,0,0,0,0,0,0
survive,1,0,0,0,0,0,0,0,0,0,0,0,0,0,0,0,0,0,0,0
against,1,0,0,0,0,0,0,0,0,0,0,0,0,0,0,0,0,0,0,0
odds,1,0,0,0,0,0,0,0,0,0,0,0,0,0,0,0,0,0,0,0
who,1,1,1,0,0,0,1,0,1,0,0,0,1,1,0,0,1,1,0,0
wrote,1,0,0,0,0,0,0,0,0,0,0,0,0,0,0,0,0,0,0,0
bible,1,0,0,0,0,0,0,0,0,0,0,0,0,0,0,0,0,0,0,0
qur'an,1,0,0,0,0,0,0,0,0,0,0,0,0,0,0,0,0,0,0,0
lightning,1,0,0,0,0,0,0,0,0,0,0,0,0,0,0,0,0,0,0,0
storm,1,0,0,0,0,0,0,0,0,0,0,0,0,0,0,0,0,0,0,0
gave,1,0,0,0,0,0,0,0,0,0,0,0,0,0,0,0,0,0,0,0
birth,1,0,0,0,0,0,0,0,0,0,0,0,0,0,0,0,0,0,0,0
then,1,0,1,0,0,0,0,0,1,0,1,0,1,0,1,0,0,0,0,0
dinosaurs,1,0,0,0,0,0,0,0,0,0,0,0,0,0,0,0,0,0,0,0
were,1,0,1,0,0,0,0,0,1,0,0,0,0,0,1,0,0,0,0,0
damn,1,0,0,0,0,0,0,0,0,0,0,0,0,0,0,0,0,0,0,0
made,1,0,1,0,0,0,1,0,0,0,0,0,1,0,0,0,0,0,0,0
words,1,0,0,0,0,0,0,1,0,0,0,0,0,0,0,1,0,0,0,0
numbers,1,0,0,0,0,0,0,0,0,0,0,0,0,0,0,0,0,0,0,0
kind,1,0,0,0,0,0,0,0,0,0,0,0,0,0,0,0,0,0,0,0
spell,1,0,0,0,0,0,0,0,0,0,0,0,0,0,0,0,0,0,0,0
mankind,1,0,0,0,1,0,0,0,0,0,0,0,0,0,0,0,0,0,0,0
under,1,1,0,0,0,0,0,0,0,0,0,0,0,0,0,0,0,0,0,0
everything,1,0,0,0,0,0,0,0,0,0,0,1,0,0,0,0,0,0,0,0
planet,1,0,0,0,0,0,0,0,0,0,0,0,0,0,0,0,0,0,0,0
preserve,1,0,0,0,0,0,0,0,0,0,0,0,0,0,0,0,0,0,0,0
microwaved,1,0,0,0,0,0,0,0,0,0,0,0,0,0,0,0,0,0,0,0
try,1,0,0,0,0,0,0,0,1,0,0,0,0,0,0,0,0,0,0,0
matter,1,0,0,0,0,0,0,1,0,0,0,0,0,0,0,0,0,0,0,0
we'll,1,0,0,0,0,0,0,0,0,0,0,0,0,0,0,0,0,0,0,0
what's,1,0,0,0,0,0,0,0,0,0,0,0,0,0,0,0,0,0,0,0
hue,1,0,0,0,0,0,0,0,0,0,0,0,0,0,0,0,0,0,0,0
human,1,0,0,0,0,0,0,0,0,1,0,0,0,0,0,0,0,0,0,0
anything,1,0,0,0,0,0,0,0,0,0,0,0,0,0,0,0,0,0,0,0
along,1,0,0,0,0,0,0,0,0,0,0,0,0,0,0,0,0,1,0,0
land,1,0,0,0,0,0,0,0,0,0,0,0,0,0,0,0,0,0,0,0
consuming,1,0,0,0,0,0,0,0,0,0,0,0,0,0,0,0,0,0,0,0
eatin',1,0,0,0,0,0,0,0,0,0,0,0,0,0,0,0,0,0,0,0
deletin',1,0,0,0,0,0,0,0,0,0,0,0,0,0,0,0,0,0,0,0
ruin,1,0,0,0,0,0,0,0,0,0,0,0,0,0,0,0,0,0,0,0
trying,1,1,0,0,0,0,0,0,0,0,0,0,0,0,0,0,0,0,0,0
paper,1,0,0,0,1,0,0,0,0,0,0,0,0,0,0,0,0,0,0,0
gotta,1,0,0,0,0,0,0,0,0,0,0,0,0,0,0,0,0,0,0,0
have,1,0,0,0,0,1,1,0,0,0,1,0,0,0,1,0,1,0,0,0
acres,1,0,0,0,0,0,0,0,0,0,0,0,0,0,0,0,0,0,0,0
sit,1,0,0,0,0,0,0,0,0,0,0,0,0,0,0,0,0,0,0,0
back,1,0,0,0,0,0,0,0,1,0,0,0,0,0,0,0,0,0,0,0
jack,1,0,0,0,0,0,0,0,0,0,0,0,0,0,0,0,0,0,0,0
nicholson,1,0,0,0,0,0,0,0,0,0,0,0,0,0,0,0,0,0,0,0
watch,1,0,0,0,0,0,0,0,0,0,0,0,0,0,0,0,0,0,0,0
niggas,1,0,0,0,0,0,0,0,0,0,0,0,0,0,0,0,0,0,0,0
play,1,0,0,0,0,0,0,0,0,0,0,0,1,0,0,0,0,0,0,0
game,1,0,0,0,0,0,0,0,0,0,0,0,0,0,1,0,0,0,1,0
lakers,1,0,0,0,0,0,0,0,0,0,0,0,0,0,0,0,0,0,0,0
full,1,0,1,0,0,0,0,0,0,1,0,0,0,0,0,0,0,0,0,0
52,1,0,0,0,0,0,0,0,0,0,0,0,0,0,0,0,0,0,0,0
fakers,1,0,0,0,0,0,0,0,0,0,0,0,0,0,0,0,0,0,0,0
gypsies,1,0,0,0,0,0,0,0,0,0,0,0,0,0,0,0,0,0,0,0
seances,1,0,0,0,0,0,0,0,0,0,0,0,0,0,0,0,0,0,0,0
mystical,1,0,0,0,0,0,0,0,0,0,0,0,0,0,0,0,0,0,0,0
prayers,1,0,0,0,0,0,0,0,0,0,0,0,0,0,0,0,0,0,0,0
superstitious,1,0,0,0,0,0,0,0,0,0,0,0,0,0,0,0,0,0,0,0
throw,1,0,0,0,0,0,0,0,0,0,0,0,1,0,0,0,0,0,0,0
salt,1,0,0,0,0,0,0,0,0,0,0,0,0,0,0,0,0,0,0,0
over,1,0,0,0,1,1,0,0,1,0,1,0,1,0,0,0,0,0,0,0
your,1,0,0,1,0,0,1,1,0,0,0,0,0,0,0,0,0,0,0,0
shoulders,1,0,0,0,0,0,0,0,0,0,0,0,0,0,0,0,0,0,0,0
wish,1,0,0,0,0,0,0,0,0,0,0,0,0,0,0,0,0,0,0,0
day,1,1,1,0,0,0,0,0,0,0,0,0,0,0,0,0,0,0,0,0
cuz,1,0,0,0,0,0,0,0,0,0,0,0,0,0,0,0,0,0,0,0
somebody,1,0,0,0,0,0,0,0,0,0,0,0,0,0,0,0,0,0,0,0
got,1,0,0,0,0,0,1,0,0,0,0,0,0,0,0,0,0,0,0,0
doll,1,0,0,0,0,0,0,0,0,0,0,0,0,0,0,0,0,0,0,0
me,1,0,0,0,0,0,0,0,0,0,0,0,0,0,0,0,0,0,0,0
stickin',1,0,0,0,0,0,0,0,0,0,0,0,0,0,0,0,0,0,0,0
needles,1,0,0,0,0,0,0,0,0,0,0,0,0,0,0,0,0,0,0,0
arteries,1,0,0,0,0,0,0,0,0,0,0,0,0,0,0,0,0,0,0,0
sometimes,1,0,0,0,0,0,1,0,0,0,0,0,0,0,0,0,0,0,0,0
'part,1,0,0,0,0,0,0,0,0,0,0,0,0,0,0,0,0,0,0,0
real,1,1,0,0,0,1,0,0,0,0,0,0,0,0,0,0,0,0,0,0
spirit',1,0,0,0,0,0,0,0,0,0,0,0,0,0,0,0,0,0,0,0
i'm,1,0,0,1,0,0,0,0,0,0,0,0,0,0,0,0,0,0,0,0
fearless,1,0,0,0,0,0,0,0,0,0,0,0,0,0,0,0,0,0,0,0
don't,1,0,0,0,0,0,0,0,0,0,0,0,1,0,0,0,1,0,0,0
grab,1,0,0,0,0,0,0,0,0,0,0,0,0,0,0,0,0,0,0,0
hold,1,0,0,0,0,0,0,0,0,0,0,0,0,0,0,0,0,0,0,0
military,1,0,0,0,0,0,0,0,0,0,0,0,0,0,0,0,0,0,0,0
soldier,1,0,0,0,0,0,0,0,0,0,0,0,0,0,0,0,0,0,0,0
since,1,0,1,0,0,0,0,0,0,0,1,0,0,0,0,0,0,0,0,0
seven,1,0,0,0,0,0,0,0,0,0,0,0,0,0,0,0,0,0,0,0
years,1,0,0,1,0,0,0,0,0,0,0,0,1,0,0,0,0,0,0,0
old,1,0,0,1,0,0,0,0,0,0,0,0,1,0,0,0,0,0,0,0
held,1,0,0,0,0,0,0,0,0,0,0,0,0,0,0,0,0,0,0,0
dead,1,0,0,0,0,0,0,0,0,0,0,0,0,0,0,0,0,0,0,0
bodies,1,0,0,0,0,0,0,0,0,0,0,0,0,0,0,0,0,0,0,0
arms,1,0,0,0,0,0,0,0,0,0,0,0,0,0,0,0,0,0,0,0
felt,1,0,0,0,0,0,0,0,0,0,0,0,0,0,0,0,0,0,0,0
body,1,0,0,0,0,0,0,0,0,0,0,0,0,0,0,0,0,0,0,0
turn,1,0,0,1,0,0,0,0,0,0,0,0,0,0,0,0,0,0,0,0
cold,1,0,0,0,0,0,0,0,0,0,0,0,0,0,0,0,0,0,0,0
oh,1,0,0,0,0,0,0,0,0,0,0,0,0,0,0,0,0,0,0,0
why,1,0,0,0,0,0,0,0,0,0,0,0,1,0,0,0,0,0,0,0
first,1,0,1,1,0,0,1,1,0,0,0,0,1,0,1,0,0,0,0,0
place,1,0,0,0,0,0,0,0,0,0,0,0,0,0,0,0,0,0,0,0
elliot,0,1,0,0,0,0,0,0,0,0,0,0,0,0,0,0,0,0,0,0
brilliant,0,1,0,0,0,0,0,0,0,0,0,0,0,0,0,0,0,0,0,0
introverted,0,1,0,0,0,0,0,0,0,0,0,0,0,0,0,0,0,0,0,0
young,0,1,0,0,0,0,0,0,0,0,0,0,0,0,0,0,0,0,0,0
programmer,0,1,0,0,0,0,0,1,0,0,0,0,0,0,0,0,0,0,0,0
works,0,1,0,0,0,0,0,0,0,0,0,1,0,0,0,0,1,0,0,0
as,0,1,1,1,1,0,1,1,1,1,1,1,1,0,1,0,0,0,0,0
cybersecurity,0,1,0,0,0,0,0,0,0,0,0,0,0,0,0,0,0,1,0,0
engineer,0,1,0,0,0,0,0,0,0,0,0,0,0,0,0,0,0,0,1,0
vigilante,0,1,0,0,0,0,0,0,0,0,0,0,0,0,0,0,0,0,0,0
hacker,0,1,0,0,0,0,0,0,0,0,0,0,0,0,0,0,0,0,0,0
night,0,1,0,0,0,0,0,0,0,0,0,0,0,0,0,0,0,0,0,0
also,0,1,1,0,1,0,1,0,1,0,0,0,0,0,0,0,0,1,0,0
happens,0,1,0,0,0,0,0,0,0,0,0,0,0,0,0,0,0,0,0,0
suffering,0,1,0,0,0,0,0,0,0,0,0,0,0,0,0,0,0,0,0,0
from,0,1,1,1,1,1,1,1,1,0,0,1,0,0,1,0,0,0,0,1
strange,0,1,0,0,0,0,0,0,0,1,0,0,0,0,0,0,0,0,0,0
condition,0,1,0,0,0,0,0,0,0,0,0,0,0,0,0,0,0,0,0,0
similar,0,1,0,0,0,0,0,0,0,0,0,0,0,0,0,0,0,0,0,0
schizophrenia,0,1,0,0,0,0,0,0,0,0,0,0,0,0,0,0,0,0,0,0
which,0,1,1,1,0,1,0,0,1,0,1,0,0,0,1,0,0,0,0,1
futilely,0,1,0,0,0,0,0,0,0,0,0,0,0,0,0,0,0,0,0,0
tries,0,1,0,0,0,0,0,0,0,0,0,0,0,0,0,0,0,0,0,0
keep,0,1,0,0,0,0,0,0,0,0,0,0,0,0,0,0,0,0,0,0
control,0,1,1,0,0,0,0,0,0,0,0,0,0,0,0,0,0,0,0,0
regularly,0,1,0,0,0,0,0,0,0,0,0,0,0,0,0,0,0,0,0,0
taking,0,1,0,0,0,0,0,0,0,0,0,0,0,0,0,0,0,0,0,0
both,0,1,0,0,1,0,0,0,0,0,0,1,0,0,0,0,0,1,0,0
legal,0,1,0,0,0,0,1,0,0,0,0,0,0,0,0,0,0,0,0,0
illegal,0,1,0,0,0,0,0,0,0,0,0,0,0,0,0,0,0,0,0,0
drugs,0,1,0,0,0,0,0,0,0,0,0,0,0,0,0,0,0,0,0,0
visiting,0,1,0,0,0,0,0,0,0,0,0,0,0,0,0,0,0,0,0,0
his,0,1,1,1,0,0,0,0,0,0,0,0,1,0,0,0,0,0,0,0
therapist,0,1,0,0,0,0,0,0,0,0,0,0,0,0,0,0,0,0,0,0
feisty,0,1,0,0,0,0,0,0,0,0,0,0,0,0,0,0,0,0,0,0
woman,0,1,0,0,0,0,0,0,0,0,0,0,0,0,0,0,0,0,0,0
named,0,1,0,0,0,0,0,0,0,0,0,0,1,0,0,0,0,0,0,0
darlene,0,1,0,0,0,0,0,0,0,0,0,0,0,0,0,0,0,0,0,0
secretive,0,1,0,0,0,0,0,0,0,0,0,0,0,0,0,0,0,0,0,0
middleaged,0,1,0,0,0,0,0,0,0,0,0,0,0,0,0,0,0,0,0,0
calling,0,1,0,0,0,0,0,0,0,0,0,0,0,0,0,0,0,0,0,0
himself,0,1,1,0,0,0,0,0,0,0,0,0,0,0,0,0,0,0,0,0
mr,0,1,0,0,0,0,0,0,0,0,0,0,0,0,0,0,0,0,0,0
robot,0,1,0,0,0,0,0,0,0,0,0,0,0,0,0,0,0,0,0,0
claims,0,1,0,0,0,0,0,0,0,0,0,0,0,0,0,0,0,0,0,0
mysterious,0,1,0,0,0,0,0,0,0,0,0,0,0,0,1,0,0,0,0,0
leader,0,1,0,0,0,0,0,0,0,0,0,0,0,0,0,0,0,0,0,0
an,0,1,1,0,1,0,0,1,1,0,0,1,1,0,1,0,0,0,0,0
underground,0,1,0,0,0,0,0,0,0,0,0,0,0,0,0,0,0,0,0,0
hacking,0,1,0,0,0,0,0,0,0,0,0,0,0,0,0,0,0,0,0,0
group,0,1,1,0,0,0,0,0,0,0,0,0,0,0,1,0,0,0,0,0
fsociety,0,1,0,0,0,0,0,0,0,0,0,0,0,0,0,0,0,0,0,0
offer,0,1,0,0,0,0,1,0,0,0,0,0,0,0,0,0,0,0,0,0
chance,0,1,0,0,0,0,0,0,0,0,0,0,0,0,0,0,0,0,0,0
take,0,1,0,0,0,0,0,0,0,0,0,0,0,0,0,0,0,0,0,0
vigilantism,0,1,0,0,0,0,0,0,0,0,0,0,0,0,0,0,0,0,0,0
next,0,1,0,0,0,0,0,0,0,0,0,0,1,0,0,0,0,0,0,0
level,0,1,0,0,0,0,0,0,0,0,0,0,0,0,0,0,0,0,0,0
help,0,1,0,0,0,0,0,0,0,0,0,0,0,0,0,0,0,0,0,0
down,0,1,0,0,0,0,0,0,1,0,0,0,0,0,0,0,0,0,0,0
ecorp,0,1,0,0,0,0,0,0,0,0,0,0,0,0,0,0,0,0,0,0
corrupt,0,1,0,0,1,0,0,0,0,0,0,0,0,0,0,0,0,0,0,0
multinational,0,1,0,0,0,0,0,0,0,0,0,0,0,0,0,0,0,0,0,0
financial,0,1,0,0,0,0,0,0,0,0,0,0,0,0,0,0,0,0,0,0
company,0,1,1,0,0,0,0,0,0,0,0,0,0,0,1,0,0,0,0,0
likes,0,1,0,0,0,0,0,0,0,0,0,0,0,0,0,0,0,0,0,0
call,0,1,0,0,0,0,0,0,0,0,0,0,1,0,0,0,0,0,0,0
evil,0,1,0,0,0,0,0,0,0,0,0,0,0,0,0,0,0,0,0,0
corp,0,1,0,0,0,0,0,0,0,0,0,0,0,0,0,0,0,0,0,0
finds,0,1,0,0,0,0,0,0,0,0,0,0,0,0,0,0,0,0,0,0
crossroads,0,1,0,0,0,0,0,0,0,0,0,0,0,0,0,0,0,0,0,0
has,0,1,0,0,1,0,0,0,0,0,1,0,0,0,1,0,0,1,0,0
personal,0,1,0,0,0,0,0,0,0,0,0,0,0,0,0,0,0,0,0,0
reasons,0,1,1,0,0,0,0,0,0,0,0,0,0,0,0,0,0,0,0,0
wanting,0,1,0,0,0,0,0,0,0,0,0,0,0,0,0,0,0,0,0,0
reveals,0,1,0,0,0,0,0,0,0,0,0,0,0,0,0,0,0,0,0,0
already,0,1,0,0,0,0,0,0,0,0,0,0,0,0,0,0,0,0,0,0
one,0,1,1,0,1,0,0,0,1,1,0,1,1,1,1,0,0,0,0,0
ally,0,1,0,0,0,0,0,0,0,0,0,0,0,0,0,0,0,0,0,0
more,0,1,0,1,0,1,1,0,0,1,0,0,0,0,0,0,0,0,0,0
highly,0,1,0,0,0,0,0,0,0,0,0,0,0,0,0,0,0,0,0,0
dangerous,0,1,0,0,0,0,0,0,0,0,0,0,0,0,0,0,0,0,0,0
shadowy,0,1,0,0,0,0,0,0,0,0,0,0,0,0,0,0,0,0,0,0
only,0,1,1,0,1,0,1,1,0,0,0,0,0,0,0,0,0,0,0,0
dark,0,1,0,1,0,0,0,0,0,0,0,0,0,0,0,0,0,0,0,0
army,0,1,0,0,0,0,0,0,0,0,0,0,0,0,0,0,0,0,0,0
meanwhile,0,1,0,0,0,0,0,0,0,0,0,0,0,0,0,0,0,0,0,0
elliot's,0,1,0,0,0,0,0,0,0,0,0,0,0,0,0,0,0,0,0,0
childhood,0,1,0,0,0,0,0,0,0,0,0,0,0,0,0,0,0,0,0,0
friend,0,1,0,0,0,0,0,0,0,0,0,0,0,0,0,0,0,0,0,0
angela,0,1,0,0,0,0,0,0,0,0,0,0,0,0,0,0,0,0,0,0
blames,0,1,0,0,0,0,0,0,0,0,0,0,0,0,0,0,0,0,0,0
death,0,1,0,1,0,0,0,0,0,0,0,0,0,0,0,0,0,0,0,0
parents,0,1,0,0,0,0,0,0,0,0,0,0,0,0,0,0,0,0,0,0
legally,0,1,0,0,0,0,0,0,0,0,0,0,0,0,0,0,0,0,0,0
joining,0,1,0,0,0,0,0,0,0,0,0,0,0,0,0,0,0,0,0,0
ranks,0,1,0,0,0,0,0,0,0,0,0,0,0,0,0,0,0,0,0,0
dig,0,1,0,0,0,0,0,0,0,0,0,0,0,0,0,0,0,0,0,0
evidence,0,1,0,0,0,0,0,0,0,0,0,0,0,0,0,0,0,0,0,0
corruption,0,1,0,0,0,0,0,0,0,0,0,0,0,0,0,0,0,0,0,0
inside,0,1,0,0,0,0,0,0,0,0,0,0,0,0,0,0,0,0,0,1
wild,0,1,0,0,0,0,0,0,0,0,0,0,0,0,0,0,0,0,0,0
card,0,1,0,0,0,0,0,0,0,0,0,0,0,0,0,0,0,0,0,0
scheme,0,1,0,0,0,0,0,0,0,0,0,0,0,0,0,0,0,0,0,0
becomes,0,1,0,0,0,0,0,0,0,0,0,0,0,0,0,0,0,0,0,0
tyrell,0,1,0,0,0,0,0,0,0,0,0,0,0,0,0,0,0,0,0,0
wellick,0,1,0,0,0,0,0,0,0,0,0,0,0,0,0,0,0,0,0,0
unhinged,0,1,0,0,0,0,0,0,0,0,0,0,0,0,0,0,0,0,0,0
psychopathic,0,1,0,0,0,0,0,0,0,0,0,0,0,0,0,0,0,0,0,0
yuppie,0,1,0,0,0,0,0,0,0,0,0,0,0,0,0,0,0,0,0,0
originally,0,1,1,0,0,0,0,0,0,0,0,0,0,0,0,0,0,0,0,0
scandinavia,0,1,0,0,0,0,0,0,0,0,0,0,0,0,0,0,0,0,0,0
very,0,1,0,0,1,0,0,1,1,0,0,0,0,0,0,0,0,0,0,0
unusual,0,1,0,0,0,0,0,0,0,0,0,0,0,0,0,0,0,0,0,0
relationship,0,1,0,0,0,0,0,0,0,0,0,0,0,0,0,0,0,0,0,0
dominant,0,1,0,0,0,0,0,0,0,0,0,0,0,0,0,0,0,0,0,0
ambitious,0,1,0,0,0,0,0,0,0,0,0,0,0,0,0,0,0,0,0,0
wife,0,1,0,0,0,0,0,0,0,0,0,0,0,0,0,0,0,0,0,0
joanna,0,1,0,0,0,0,0,0,0,0,0,0,0,0,0,0,0,0,0,0
after,0,1,0,0,0,0,0,0,1,0,0,0,0,0,0,0,0,0,0,0
many,0,1,1,0,1,0,1,1,1,1,0,0,0,0,1,0,0,0,0,0
twists,0,1,0,0,0,0,0,0,0,0,0,0,0,0,0,0,0,0,0,0
turns,0,1,0,0,0,0,0,0,0,0,0,0,0,0,0,0,0,0,0,0
robot's,0,1,0,0,0,0,0,0,0,0,0,0,0,0,0,0,0,0,0,0
plan,0,1,0,0,0,0,0,0,0,0,0,0,0,0,0,0,0,0,0,0
finally,0,1,0,0,0,0,0,0,0,0,0,0,0,0,0,0,0,0,0,0
motion,0,1,0,0,0,0,0,0,0,0,0,0,0,0,0,0,0,0,0,0
catastrophic,0,1,0,0,0,0,0,0,0,0,0,0,0,0,0,0,0,0,0,0
unintended,0,1,0,0,0,0,0,0,0,0,0,0,0,0,0,0,0,0,0,0
results,0,1,0,0,0,0,0,0,0,0,0,0,0,0,0,0,0,0,0,0
end,0,1,0,0,1,0,0,0,0,0,0,0,0,0,0,0,0,0,0,0
beginning,0,1,0,0,0,0,0,0,0,0,0,0,0,0,0,0,0,0,0,0
story,0,1,0,0,0,0,0,0,0,0,0,0,0,1,0,0,0,0,0,0
linus,0,0,1,0,0,0,0,0,0,0,0,0,0,0,0,0,0,0,0,0
torvalds,0,0,1,0,0,0,0,0,0,0,0,0,0,0,0,0,0,0,0,0
used,0,0,1,0,1,0,1,0,0,1,0,0,0,1,0,0,0,0,0,0
revision,0,0,1,0,0,0,0,0,0,0,0,0,0,0,0,0,0,0,0,0
kernel,0,0,1,0,0,0,0,0,0,1,1,0,0,0,0,0,0,0,0,1
contributors,0,0,1,0,0,0,0,0,0,0,0,0,0,0,0,0,0,0,0,0
post,0,0,1,0,0,0,0,0,0,0,0,0,0,0,0,0,0,0,0,0
patches,0,0,1,0,0,0,0,0,0,0,0,0,0,0,0,0,0,0,0,0
usenet,0,0,1,0,0,0,0,0,0,0,0,0,0,0,0,0,0,0,0,0
later,0,0,1,0,0,0,0,0,0,0,0,0,0,0,1,0,0,0,0,0
mailing,0,0,1,0,0,0,0,0,0,0,0,0,0,0,0,0,0,0,0,0
list,0,0,1,0,0,0,0,0,0,0,0,0,0,0,0,1,0,0,0,0
apply,0,0,1,0,0,0,1,0,0,0,0,0,0,0,0,0,0,0,0,0
source,0,0,1,0,0,0,0,0,0,0,1,1,0,1,0,1,1,0,0,0
tree,0,0,1,0,0,0,0,0,0,0,0,0,0,0,0,0,0,0,0,0
eventually,0,0,1,0,0,0,0,0,0,0,0,0,0,0,0,0,0,0,0,0
new,0,0,1,1,0,0,0,0,0,0,0,0,0,0,1,0,0,0,0,0
release,0,0,1,1,0,0,0,0,0,0,0,0,0,0,0,0,0,0,0,0
whole,0,0,1,0,0,0,0,0,0,0,0,0,0,0,0,0,0,0,0,0
division,0,0,1,0,0,0,0,0,0,0,0,0,0,0,0,0,0,0,0,0
between,0,0,1,1,0,0,0,0,0,0,0,1,0,0,0,0,0,0,0,0
any,0,0,1,0,0,0,0,0,1,1,0,0,1,0,1,0,0,0,0,0
way,0,0,1,0,0,1,0,0,0,0,0,0,0,0,0,0,0,0,0,0
examine,0,0,1,0,0,0,0,0,0,0,0,0,0,0,0,0,0,0,0,0
history,0,0,1,0,0,0,0,0,0,0,0,0,0,0,0,0,0,0,0,0
process,0,0,1,0,0,0,0,0,0,1,0,0,0,0,0,0,0,0,0,0
giant,0,0,1,0,0,0,0,0,0,0,0,0,0,0,0,0,0,0,0,0
diff,0,0,1,0,0,0,0,0,0,0,0,0,0,0,0,0,0,0,0,0
two,0,0,1,0,0,0,0,0,0,0,0,0,1,0,0,0,0,0,0,0
releases,0,0,1,0,0,0,0,0,0,0,0,0,0,0,0,0,0,0,0,0
because,0,0,1,0,0,0,0,1,0,0,0,1,0,0,0,0,0,0,0,0
there,0,0,1,0,1,0,1,1,0,0,1,0,0,0,0,0,0,0,0,0
opensource,0,0,1,0,0,0,0,0,0,1,0,0,0,0,0,0,0,0,0,0
systems,0,0,1,0,0,0,0,0,0,1,0,1,0,0,0,0,0,1,0,0
available,0,0,1,0,0,0,0,0,0,0,0,1,0,0,0,0,0,0,0,0
cvs,0,0,1,0,0,0,0,0,0,0,0,0,0,0,0,0,0,0,0,0
had,0,0,1,1,0,0,0,0,0,0,1,0,0,0,0,0,0,0,0,0
been,0,0,1,0,1,0,0,0,0,0,1,0,0,0,1,0,0,0,0,0
around,0,0,1,0,0,0,0,0,1,0,0,1,0,0,0,0,0,0,1,0
1980s,0,0,1,0,0,0,0,0,0,0,0,0,0,0,0,0,0,0,0,0
popular,0,0,1,1,0,0,0,0,0,0,0,0,0,0,0,0,0,0,0,0
system,0,0,1,0,1,0,0,0,0,1,1,1,0,0,0,0,0,0,0,0
its,0,0,1,1,0,0,0,1,0,0,1,1,0,0,1,0,0,0,0,0
core,0,0,1,0,1,0,0,0,0,0,0,0,0,0,0,0,0,0,0,0
allow,0,0,1,0,0,0,0,0,0,0,0,0,0,0,0,0,0,0,0,0
submit,0,0,1,0,0,0,0,0,0,0,0,0,0,0,0,0,0,0,0,0
central,0,0,1,0,0,0,0,0,0,0,0,0,0,0,0,0,0,0,0,0
repository,0,0,1,0,0,0,0,0,0,0,0,0,0,0,0,0,0,0,0,0
going,0,0,1,0,0,0,1,0,0,0,0,0,0,0,0,0,0,0,0,0
into,0,0,1,0,0,0,0,0,1,0,0,0,0,1,0,0,0,0,0,0
complaints,0,0,1,0,0,0,0,0,0,0,0,0,0,0,0,0,0,0,0,0
about,0,0,1,0,0,0,1,0,1,1,0,0,0,0,0,0,0,0,0,0
tracked,0,0,1,0,0,0,0,0,0,0,0,0,0,0,0,0,0,0,0,0
changes,0,0,1,0,0,0,0,0,0,0,0,0,0,0,0,0,0,0,0,0
perfile,0,0,1,0,0,0,0,0,0,0,0,0,0,0,0,0,0,0,0,0
basis,0,0,1,0,0,0,0,0,0,0,0,0,0,0,0,0,0,0,0,0
didn't,0,0,1,0,0,0,0,0,0,0,0,0,0,0,0,0,0,0,0,0
recognize,0,0,1,0,0,0,0,0,0,0,0,0,0,0,0,0,0,0,0,0
larger,0,0,1,0,0,0,0,0,0,0,0,0,0,0,0,0,0,0,0,0
patch,0,0,1,0,0,0,0,0,0,0,0,0,0,0,0,0,0,0,0,0
single,0,0,1,0,0,0,0,0,0,0,0,0,0,0,0,0,0,0,0,0
hard,0,0,1,0,0,0,0,0,1,0,0,0,0,0,0,0,0,0,0,0
interpret,0,0,1,0,0,0,0,0,0,0,0,0,0,0,0,0,0,0,0,0
past,0,0,1,0,1,0,0,0,0,0,0,0,0,0,0,0,0,0,0,0
contributions,0,0,1,0,0,0,0,0,0,0,0,0,0,0,0,0,0,0,0,0
other,0,0,1,0,0,0,0,0,1,1,1,0,1,0,0,0,0,1,0,0
developers,0,0,1,0,0,0,0,1,0,0,0,1,0,0,0,0,0,0,0,0
hardtofix,0,0,1,0,0,0,0,0,0,0,0,0,0,0,0,0,0,0,0,0
bugs,0,0,1,0,1,0,0,0,0,1,0,0,0,0,0,0,0,0,0,0
race,0,0,1,0,0,0,0,0,0,0,0,0,0,0,0,0,0,0,0,0
conditions,0,0,1,0,0,0,1,0,0,0,0,0,0,0,0,0,0,0,0,0
conflicting,0,0,1,0,0,0,0,0,0,0,0,0,0,0,0,0,0,0,0,0
submitted,0,0,1,0,0,0,0,0,0,0,0,0,0,0,0,0,0,0,0,0
same,0,0,1,0,1,0,0,0,0,0,0,1,1,0,0,0,0,0,0,0
time,0,0,1,0,1,0,1,0,0,0,0,0,1,0,0,0,0,0,0,0
partly,0,0,1,0,0,0,0,0,0,0,0,0,0,0,0,0,0,0,0,0
voiced,0,0,1,0,0,0,0,0,0,0,0,0,0,0,0,0,0,0,0,0
others,0,0,1,0,0,0,0,0,0,0,0,0,0,0,1,0,0,0,0,0
become,0,0,1,0,0,0,0,1,0,0,0,1,0,0,0,0,0,0,0,0
clear,0,0,1,0,0,0,0,0,0,0,0,0,0,0,0,0,0,0,0,0
subversion,0,0,1,0,0,0,0,0,0,0,0,0,0,0,0,0,0,0,0,0
project,0,0,1,0,0,0,1,0,0,1,0,0,0,0,0,0,0,0,0,0
emerged,0,0,1,0,0,0,0,0,0,0,0,0,0,0,0,0,0,0,0,0
2000s,0,0,1,0,0,0,0,0,0,0,0,0,0,0,0,0,0,0,0,0
specific,0,0,1,0,0,0,0,0,0,0,0,0,0,0,0,0,0,0,0,1
goal,0,0,1,0,0,0,0,0,0,0,0,0,0,0,0,0,0,0,0,0
addressing,0,0,1,0,0,0,0,0,0,0,0,0,0,0,0,0,0,0,0,0
misfeatures,0,0,1,0,0,0,0,0,0,0,0,0,0,0,0,0,0,0,0,0
linux,0,0,1,0,1,0,0,0,0,0,1,1,0,0,0,1,0,1,0,1
unhappy,0,0,1,0,0,0,0,0,0,0,0,0,0,0,0,0,0,0,0,0
lack,0,0,1,0,0,0,0,0,0,0,0,0,0,0,0,0,0,0,0,0
proper,0,0,1,0,0,0,0,0,0,0,0,0,0,0,0,0,0,0,0,0
always,0,0,1,0,0,0,0,0,0,0,1,1,0,0,1,0,1,0,0,0
certain,0,0,1,0,0,0,0,0,1,0,0,0,0,0,0,0,0,0,0,0
amount,0,0,1,0,0,0,0,0,0,0,0,0,0,0,0,0,0,0,0,0
community,0,0,1,0,0,0,0,0,0,0,0,0,0,0,0,0,0,0,0,0
pressure,0,0,1,0,0,0,0,0,0,0,0,0,0,0,0,0,0,0,0,0
choose,0,0,1,0,0,0,0,0,0,0,0,0,0,0,0,0,0,0,0,0
something,0,0,1,0,0,0,0,0,0,0,0,0,0,0,0,0,0,0,0,0
options,0,0,1,0,0,0,0,0,0,0,0,0,0,0,0,0,0,0,0,0
2002,0,0,1,0,0,0,0,0,0,0,0,0,0,0,0,0,0,0,0,0
did,0,0,1,1,0,0,0,0,0,0,0,0,1,0,0,0,0,0,0,0
everyone's,0,0,1,0,0,0,0,0,0,0,0,0,0,0,0,0,0,0,0,0
shock,0,0,1,0,0,0,0,0,0,0,0,0,0,0,0,0,0,0,0,0
dismay,0,0,1,0,0,0,0,0,0,0,0,0,0,0,0,0,0,0,0,0
chose,0,0,1,0,0,0,0,0,0,0,0,0,0,0,0,0,0,0,0,0
bitkeeper,0,0,1,0,0,0,0,0,0,0,0,0,0,0,0,0,0,0,0,0
closedsource,0,0,1,0,0,0,0,0,0,0,0,0,0,0,0,0,0,0,0,0
commercial,0,0,1,0,0,0,0,0,1,1,0,0,0,0,0,0,0,0,0,0
developed,0,0,1,0,0,0,0,0,0,0,0,0,0,0,0,0,0,0,0,0
bitmover,0,0,1,0,0,0,0,0,0,0,0,0,0,0,0,0,0,0,0,0
run,0,0,1,0,1,0,0,0,0,0,0,1,0,0,0,0,0,1,0,0
larry,0,0,1,0,0,0,0,0,0,0,0,0,0,0,0,0,0,0,0,0
mcvoy,0,0,1,0,0,0,0,0,0,0,0,0,0,0,0,0,0,0,0,0
important,0,0,1,0,0,0,0,0,0,0,0,0,0,0,0,0,0,0,0,0
person,0,0,1,0,0,0,0,0,0,0,0,0,0,0,0,0,0,0,0,0
discovered,0,0,1,0,1,0,0,0,0,0,0,0,0,0,0,0,0,0,0,0
techniques,0,0,1,0,0,0,0,0,0,1,0,0,0,0,0,0,0,0,0,0
development,0,0,1,0,0,0,0,0,0,0,0,1,0,0,0,0,0,0,0,0
eluded,0,0,1,0,0,0,0,0,0,0,0,0,0,0,0,0,0,0,0,0
gnu,0,0,1,0,0,0,0,0,0,0,0,0,0,0,0,0,0,0,0,0
imitated,0,0,1,0,0,0,0,0,0,0,0,0,0,0,0,0,0,0,0,0
projects,0,0,1,0,0,0,0,0,0,1,1,0,0,0,0,0,0,0,0,0
decades,0,0,1,0,0,0,0,0,0,0,0,0,0,0,0,0,0,0,0,0
come,0,0,1,0,0,0,0,0,0,0,0,0,0,0,0,0,0,0,0,0
right,0,0,1,0,0,0,0,0,0,0,0,0,0,0,0,0,0,0,0,0
present,0,0,1,0,0,0,0,0,0,0,0,0,0,0,0,0,0,0,0,0
thinking,0,0,1,0,0,0,0,0,0,0,0,0,0,0,0,0,0,0,0,0
betray,0,0,1,0,0,0,0,0,0,0,0,0,0,0,0,0,0,0,0,0
open,0,0,1,0,0,0,1,0,0,0,1,1,0,1,0,1,1,0,0,0
those,0,0,1,0,0,0,0,1,1,0,0,0,0,0,0,0,0,0,0,1
started,0,0,1,0,0,0,1,0,0,0,0,0,0,0,1,0,0,0,0,0
using,0,0,1,0,0,1,1,0,1,0,0,0,0,0,0,0,0,1,0,0
cohen,0,0,0,1,0,0,0,0,0,0,0,0,0,0,0,0,0,0,0,0
pursued,0,0,0,1,0,0,0,0,0,0,0,0,0,0,0,0,0,0,0,0
career,0,0,0,1,0,0,0,0,0,0,0,0,0,0,0,0,0,0,0,0
poet,0,0,0,1,0,0,0,0,0,0,0,0,0,0,0,0,0,0,0,0
novelist,0,0,0,1,0,0,0,0,0,0,0,0,0,0,0,0,0,0,0,0
during,0,0,0,1,0,0,1,0,0,0,0,0,0,1,0,0,0,0,0,0
1950s,0,0,0,1,0,0,0,0,0,0,0,0,0,0,0,0,0,0,0,0
early,0,0,0,1,0,0,0,0,0,0,0,0,1,1,0,0,0,0,0,0
1960s,0,0,0,1,0,0,0,0,0,0,0,0,0,1,0,0,0,0,0,0
launch,0,0,0,1,0,0,0,0,0,0,0,0,0,0,0,0,0,0,0,0
music,0,0,0,1,0,0,0,0,0,0,0,0,0,0,0,0,0,0,0,0
until,0,0,0,1,0,0,0,0,0,0,0,0,0,0,0,0,0,0,0,0
1967,0,0,0,1,0,0,0,0,0,0,0,0,1,0,0,0,0,0,0,0
age,0,0,0,1,0,0,0,0,1,0,0,0,0,0,0,0,0,0,0,0
33,0,0,0,1,0,0,0,0,0,0,0,0,0,0,0,0,0,0,0,0
album,0,0,0,1,0,0,0,0,0,0,0,0,0,0,0,0,0,0,0,0
songs,0,0,0,1,0,0,0,0,0,0,0,0,0,0,0,0,0,0,0,0
leonard,0,0,0,1,0,0,0,0,0,0,0,0,0,0,0,0,0,0,0,0
followed,0,0,0,1,0,0,0,0,0,0,0,0,0,0,0,0,0,0,0,0
three,0,0,0,1,0,0,0,0,0,0,0,0,0,0,1,0,0,0,0,0
albums,0,0,0,1,0,0,0,0,0,0,0,0,0,0,0,0,0,0,0,0
folk,0,0,0,1,0,0,0,0,0,0,0,0,0,0,0,0,0,0,0,0
room,0,0,0,1,0,0,0,0,0,0,0,0,1,0,0,0,0,0,0,0
1969,0,0,0,1,0,0,0,0,0,0,0,0,0,0,0,0,0,0,0,0
love,0,0,0,1,0,0,0,0,0,0,0,0,0,0,0,0,0,0,0,0
hate,0,0,0,1,0,0,0,0,0,0,0,0,0,0,0,0,0,0,0,0
1971,0,0,0,1,0,0,0,0,0,0,0,0,0,0,0,0,0,0,0,0
skin,0,0,0,1,0,0,0,0,0,0,0,0,0,0,0,0,0,0,0,0
ceremony,0,0,0,1,0,0,0,0,0,0,0,0,0,0,0,0,0,0,0,0
1974,0,0,0,1,0,0,0,0,0,0,0,0,0,0,0,0,0,0,0,0
1977,0,0,0,1,0,0,0,0,0,0,0,0,0,0,0,0,0,0,0,0
record,0,0,0,1,0,0,0,0,0,0,0,0,1,0,0,0,0,0,0,0
ladies',0,0,0,1,0,0,0,0,0,0,0,0,0,0,0,0,0,0,0,0
cowritten,0,0,0,1,0,0,0,0,0,0,0,0,0,0,0,0,0,0,0,0
produced,0,0,0,1,0,0,0,0,0,0,0,0,0,0,0,0,0,0,0,0
phil,0,0,0,1,0,0,0,0,0,0,0,0,0,0,0,0,0,0,0,0
spector,0,0,0,1,0,0,0,0,0,0,0,0,0,0,0,0,0,0,0,0
away,0,0,0,1,0,0,1,0,0,0,0,0,0,0,0,0,0,0,0,0
cohen's,0,0,0,1,0,0,0,0,0,0,0,0,0,0,0,0,0,0,0,0
previous,0,0,0,1,0,0,0,0,0,0,0,0,0,0,0,0,0,0,0,0
minimalist,0,0,0,1,0,0,0,0,0,0,0,0,0,0,0,0,0,0,0,0
sound,0,0,0,1,0,0,0,0,0,0,0,0,0,0,0,0,0,0,0,0
1979,0,0,0,1,0,0,0,0,0,0,0,0,0,0,0,0,0,0,0,0
returned,0,0,0,1,0,0,0,0,0,0,0,0,0,0,0,0,0,0,0,0
traditional,0,0,0,1,0,0,0,0,0,0,0,0,0,1,0,0,0,0,0,0
recent,0,0,0,1,0,0,1,0,0,0,0,0,0,0,0,0,0,0,0,0
blended,0,0,0,1,0,0,0,0,0,0,0,0,0,0,0,0,0,0,0,0
acoustic,0,0,0,1,0,0,0,0,0,0,0,0,0,0,0,0,0,0,0,0
style,0,0,0,1,0,0,0,0,0,0,0,0,0,0,0,0,0,0,0,0
jazz,0,0,0,1,0,0,0,0,0,0,0,0,0,0,0,0,0,0,0,0
oriental,0,0,0,1,0,0,0,0,0,0,0,0,0,0,0,0,0,0,0,0
mediterranean,0,0,0,1,0,0,0,0,0,0,0,0,0,0,0,0,0,0,0,0
influences,0,0,0,1,0,0,0,0,0,0,0,0,0,0,0,0,0,0,0,0
perhaps,0,0,0,1,0,0,0,0,0,0,0,0,0,0,0,0,0,0,0,0
famous,0,0,0,1,0,0,0,0,0,0,0,0,0,0,0,0,0,0,0,0
song,0,0,0,1,0,0,0,0,0,0,0,0,0,0,0,0,0,0,0,0
hallelujah,0,0,0,1,0,0,0,0,0,0,0,0,0,0,0,0,0,0,0,0
released,0,0,0,1,0,0,0,0,0,0,1,0,0,0,0,0,0,0,0,0
studio,0,0,0,1,0,0,0,0,0,0,0,0,0,0,0,0,0,0,0,0
various,0,0,0,1,0,0,0,0,1,0,1,0,0,0,0,0,0,0,0,1
positions,0,0,0,1,0,0,0,0,0,0,0,0,0,0,0,0,0,0,0,0
1984,0,0,0,1,0,0,0,0,0,0,0,0,0,0,0,0,0,0,0,0
1988,0,0,0,1,0,0,0,0,0,0,0,0,0,0,0,0,0,0,0,0
marked,0,0,0,1,0,0,0,0,0,0,0,0,0,0,0,0,0,0,0,0
synthesized,0,0,0,1,0,0,0,0,0,0,0,0,0,0,0,0,0,0,0,0
productions,0,0,0,1,0,0,0,0,0,0,0,0,0,0,0,0,0,0,0,0
remains,0,0,0,1,0,0,0,0,0,0,0,0,0,1,0,0,0,0,0,0
1992,0,0,0,1,0,0,0,0,0,0,0,0,0,0,0,0,0,0,0,0
followup,0,0,0,1,0,0,0,0,0,0,0,0,0,0,0,0,0,0,0,0
lyrics,0,0,0,1,0,0,0,0,0,0,0,0,0,0,0,0,0,0,0,0
references,0,0,0,1,0,0,0,0,0,0,0,0,0,0,0,0,0,0,0,0
political,0,0,0,1,0,0,0,0,0,0,0,0,0,0,0,0,0,0,0,0
social,0,0,0,1,0,0,0,0,0,0,0,0,0,0,0,0,0,0,0,0
unrest,0,0,0,1,0,0,0,0,0,0,0,0,0,0,0,0,0,0,0,0
2001,0,0,0,1,0,0,0,0,0,0,0,0,0,0,0,0,0,0,0,0
ten,0,0,0,1,0,0,0,0,0,0,0,0,0,0,0,0,0,0,0,0
major,0,0,0,1,0,0,0,0,1,0,0,0,0,0,0,0,0,0,0,0
hit,0,0,0,1,0,0,0,0,0,0,0,0,0,0,0,0,0,0,0,0
canada,0,0,0,1,0,0,0,0,0,0,0,0,0,0,0,0,0,0,0,0
europe,0,0,0,1,0,0,0,0,0,0,0,0,0,0,0,0,0,0,0,0
11th,0,0,0,1,0,0,0,0,0,0,0,0,0,0,0,0,0,0,0,0
dear,0,0,0,1,0,0,0,0,0,0,0,0,0,0,0,0,0,0,0,0
heather,0,0,0,1,0,0,0,0,0,0,0,0,0,0,0,0,0,0,0,0
2004,0,0,0,1,0,0,0,0,0,0,0,0,0,0,0,0,0,0,0,0
following,0,0,0,1,0,0,1,0,0,0,0,0,0,0,1,0,0,0,0,0
successful,0,0,0,1,0,0,0,0,0,0,0,0,0,0,0,0,0,0,0,0
string,0,0,0,1,0,0,0,0,0,0,0,0,0,0,0,0,0,0,0,0
tours,0,0,0,1,0,0,0,0,0,0,0,0,0,0,0,0,0,0,0,0
2008,0,0,0,1,0,0,0,0,0,0,0,0,0,0,0,0,0,0,0,0
2013,0,0,0,1,0,0,0,0,0,0,0,1,0,0,1,0,0,0,0,0
last,0,0,0,1,1,0,1,0,0,0,0,0,0,0,0,0,0,0,0,0
five,0,0,0,1,0,0,0,0,0,0,0,0,0,0,0,0,0,0,0,0
life,0,0,0,1,0,0,0,0,0,0,0,0,0,0,0,0,0,0,0,0
ideas,0,0,0,1,0,0,0,0,0,0,0,0,0,0,0,0,0,0,0,0
2012,0,0,0,1,0,0,0,0,0,0,1,0,0,0,1,0,0,0,0,0
problems,0,0,0,1,0,0,0,0,0,0,0,0,0,0,0,0,0,1,0,0
2014,0,0,0,1,0,0,0,0,0,0,0,0,0,0,1,0,0,0,0,0
want,0,0,0,1,0,0,0,0,0,0,0,0,0,0,0,0,0,0,0,0
darker,0,0,0,1,0,0,0,0,0,0,0,0,0,0,0,0,0,0,0,0
2016,0,0,0,1,0,0,0,0,0,0,0,0,0,0,1,0,0,0,0,0
weeks,0,0,0,1,0,0,0,1,0,0,0,0,0,0,0,0,0,0,0,0
before,0,0,0,1,1,0,1,1,1,0,0,0,0,0,0,0,0,0,0,0
posthumous,0,0,0,1,0,0,0,0,0,0,0,0,0,0,0,0,0,0,0,0
titled,0,0,0,1,0,0,0,0,0,0,0,0,0,0,0,0,0,0,0,0
thanks,0,0,0,1,0,0,0,0,0,0,0,0,0,0,0,0,0,0,0,0
dance,0,0,0,1,0,0,0,0,0,0,0,0,0,0,0,0,0,0,0,0
november,0,0,0,1,0,0,0,0,0,0,0,0,0,0,0,0,0,0,0,0
2019,0,0,0,1,0,0,0,0,0,0,0,0,0,0,0,0,0,0,0,0
fifteenth,0,0,0,1,0,0,0,0,0,0,0,0,0,0,0,0,0,0,0,0
xxxxxxxxxxxxxxxxxxxxxxxxxxxxxxxxxxxxx,0,0,0,0,1,0,0,0,0,0,0,0,0,0,0,0,0,0,0,0
smashing,0,0,0,0,1,0,0,0,0,0,0,0,0,0,0,0,0,0,0,0
stack,0,0,0,0,1,0,0,0,0,0,0,0,0,0,0,0,0,0,0,1
fun,0,0,0,0,1,0,0,0,1,0,0,0,0,0,0,0,0,0,0,0
profit,0,0,0,0,1,0,0,0,0,0,0,0,0,0,0,0,0,0,0,0
aleph,0,0,0,0,1,0,0,0,0,0,0,0,0,0,0,0,0,0,0,0
aleph1undergroundorg,0,0,0,0,1,0,0,0,0,0,0,0,0,0,0,0,0,0,0,0
smash,0,0,0,0,1,0,0,0,0,0,0,0,0,0,0,0,0,0,0,0
c,0,0,0,0,1,0,0,0,0,0,0,0,0,0,0,0,0,0,0,0
programming,0,0,0,0,1,0,0,1,1,0,1,0,0,0,0,0,0,0,0,0
n,0,0,0,0,1,0,0,0,0,0,0,0,0,0,0,0,0,0,0,0
implementations,0,0,0,0,1,0,0,0,0,0,0,0,0,0,0,0,0,0,0,0
possible,0,0,0,0,1,0,0,0,0,0,0,0,0,0,0,0,0,0,0,0
execution,0,0,0,0,1,0,0,0,0,0,0,0,0,0,0,0,0,0,0,0
writing,0,0,0,0,1,0,0,1,1,0,0,0,0,0,0,0,0,0,0,0
array,0,0,0,0,1,0,0,0,0,0,0,0,0,0,0,0,0,0,0,0
declared,0,0,0,0,1,0,0,0,0,0,0,0,0,0,0,0,0,0,0,0
auto,0,0,0,0,1,0,0,0,0,0,0,0,0,0,0,0,0,0,0,0
routine,0,0,0,0,1,0,0,0,0,0,0,0,0,0,0,0,0,0,0,0
code,0,0,0,0,1,0,0,1,0,1,0,1,0,0,0,0,1,1,0,0
does,0,0,0,0,1,0,1,0,0,0,0,0,0,0,0,0,0,0,0,0
said,0,0,0,0,1,0,0,0,0,0,0,0,0,0,0,0,0,0,0,0
return,0,0,0,0,1,0,0,0,0,0,0,0,0,0,0,0,0,0,0,0
jump,0,0,0,0,1,0,0,0,0,0,0,0,0,0,0,0,0,0,0,0
random,0,0,0,0,1,0,0,0,0,0,0,0,0,0,0,0,0,0,0,0
address,0,0,0,0,1,0,0,0,1,0,0,0,0,0,0,0,0,0,0,1
produce,0,0,0,0,1,0,0,0,0,0,0,0,0,0,0,0,0,0,0,0
insidious,0,0,0,0,1,0,0,0,0,0,0,0,0,0,0,0,0,0,0,0
datadependent,0,0,0,0,1,0,0,0,0,0,0,0,0,0,0,0,0,0,0,0
variants,0,0,0,0,1,0,0,0,0,0,0,0,0,0,0,0,0,0,0,0
include,0,0,0,0,1,0,0,0,0,1,0,0,0,0,0,0,0,1,0,0
trash,0,0,0,0,1,0,0,0,0,0,0,0,0,0,0,0,0,0,0,0
scribble,0,0,0,0,1,0,0,0,0,0,0,0,0,0,0,0,0,0,0,0
mangle,0,0,0,0,1,0,0,0,0,0,0,0,0,0,0,0,0,0,0,0
term,0,0,0,0,1,0,0,0,0,0,0,0,0,0,0,0,0,0,0,0
mung,0,0,0,0,1,0,0,0,0,0,0,0,0,0,0,0,0,0,0,0
done,0,0,0,0,1,0,0,0,0,0,0,0,0,0,0,0,0,0,0,0
intentionally,0,0,0,0,1,0,0,0,0,0,0,0,0,0,0,0,0,0,0,0
spam,0,0,0,0,1,0,0,0,1,0,0,0,0,0,0,0,0,0,0,0
alias,0,0,0,0,1,0,0,0,0,0,0,0,0,0,0,0,0,0,0,0
bug,0,0,0,0,1,0,0,0,0,1,0,0,0,0,0,0,0,0,0,0
fandango,0,0,0,0,1,0,0,0,0,0,0,0,0,0,0,0,0,0,0,0
memory,0,0,0,0,1,0,0,0,0,1,0,0,0,0,0,0,0,0,0,0
leak,0,0,0,0,1,0,0,0,0,0,0,0,0,0,0,0,0,0,0,0
precedence,0,0,0,0,1,0,0,0,0,0,0,0,0,0,0,0,0,0,0,0
lossage,0,0,0,0,1,0,0,0,0,0,0,0,0,0,0,0,0,0,0,0
overrun,0,0,0,0,1,0,0,0,0,0,0,0,0,0,0,0,0,0,0,0
screw,0,0,0,0,1,0,0,0,0,0,0,0,0,0,0,0,0,0,0,0
introduction,0,0,0,0,1,0,0,0,0,0,0,0,0,0,0,0,0,0,0,0
few,0,0,0,0,1,0,0,0,0,1,0,0,0,0,0,0,0,0,0,0
months,0,0,0,0,1,0,0,1,0,0,0,0,0,1,0,0,0,0,0,0
large,0,0,0,0,1,0,0,0,1,0,0,0,0,0,0,0,0,0,0,0
increase,0,0,0,0,1,0,0,0,0,0,0,0,0,0,0,0,0,0,0,0
buffer,0,0,0,0,1,0,0,0,0,0,0,0,0,0,0,0,0,0,0,0
overflow,0,0,0,0,1,0,0,0,0,0,0,0,0,0,0,0,0,0,0,0
vulnerabilities,0,0,0,0,1,0,0,0,0,0,0,0,0,0,0,0,0,1,0,0
being,0,0,0,0,1,0,0,0,0,0,0,0,1,0,0,0,0,0,0,0
exploited,0,0,0,0,1,0,0,0,0,0,0,0,0,0,0,0,0,0,0,0
examples,0,0,0,0,1,0,0,0,0,0,0,0,0,0,0,0,0,0,0,0
these,0,0,0,0,1,0,0,0,1,1,0,0,0,0,0,0,0,0,0,0
syslog,0,0,0,0,1,0,0,0,0,0,0,0,0,0,0,0,0,0,0,0
splitvt,0,0,0,0,1,0,0,0,0,0,0,0,0,0,0,0,0,0,0,0
sendmail,0,0,0,0,1,0,0,0,0,0,0,0,0,0,0,0,0,0,0,0
875,0,0,0,0,1,0,0,0,0,0,0,0,0,0,0,0,0,0,0,0
linuxfreebsd,0,0,0,0,1,0,0,0,0,0,0,0,0,0,0,0,0,0,0,0
mount,0,0,0,0,1,0,0,0,0,0,0,0,0,0,0,0,0,0,0,0
xt,0,0,0,0,1,0,0,0,0,0,0,0,0,0,0,0,0,0,0,0
library,0,0,0,0,1,0,0,0,0,0,0,0,0,0,0,0,0,0,0,0
etc,0,0,0,0,1,0,1,0,0,0,0,0,0,0,0,0,0,0,0,0
attempts,0,0,0,0,1,0,0,0,0,0,0,0,0,0,0,0,0,0,0,0
overflows,0,0,0,0,1,0,0,0,0,0,0,0,0,0,0,0,0,0,0,0
exploits,0,0,0,0,1,0,0,0,0,0,0,0,0,0,0,0,0,0,0,0
work,0,0,0,0,1,0,0,0,1,0,0,0,0,0,0,0,1,0,0,0
basic,0,0,0,0,1,0,0,0,0,0,0,0,0,0,0,0,0,0,0,0
knowledge,0,0,0,0,1,0,0,0,0,0,0,0,0,0,0,0,0,0,0,0
assembly,0,0,0,0,1,0,0,0,0,0,0,0,0,0,0,0,0,1,0,0
required,0,0,0,0,1,0,0,0,0,0,0,0,0,0,0,0,0,0,0,1
understanding,0,0,0,0,1,0,0,0,0,0,0,0,0,0,0,0,0,1,0,0
virtual,0,0,0,0,1,0,0,0,0,1,0,0,0,0,0,0,0,0,0,0
concepts,0,0,0,0,1,0,0,0,0,0,0,1,0,0,0,0,0,0,0,0
experience,0,0,0,0,1,0,0,0,0,0,0,0,0,0,0,0,0,0,0,0
gdb,0,0,0,0,1,0,0,0,0,0,0,0,0,0,0,0,0,0,0,0
helpful,0,0,0,0,1,0,0,0,0,0,0,0,0,0,0,0,0,0,0,0
necessary,0,0,0,0,1,0,0,0,0,0,0,0,0,0,0,0,0,0,0,0
assume,0,0,0,0,1,0,0,0,0,0,0,0,0,0,0,0,0,0,0,0
working,0,0,0,0,1,0,0,0,0,0,0,0,0,0,0,0,0,0,0,0
intel,0,0,0,0,1,0,0,0,0,0,0,0,0,0,0,0,0,0,0,0
x86,0,0,0,0,1,0,0,0,0,0,0,0,0,0,0,0,0,0,0,0
cpu,0,0,0,0,1,0,0,0,0,0,1,0,0,0,0,0,0,0,0,0
operating,0,0,0,0,1,0,0,0,0,1,1,0,0,0,0,0,0,0,0,0
definitions,0,0,0,0,1,0,0,0,0,0,0,0,0,0,0,0,0,0,0,0
begin,0,0,0,0,1,0,0,0,0,0,0,0,0,0,0,0,0,0,0,0
simply,0,0,0,0,1,0,0,0,0,0,0,0,0,0,0,0,0,0,0,0
contiguous,0,0,0,0,1,0,0,0,0,0,0,0,0,0,0,0,0,0,0,0
block,0,0,0,0,1,0,0,0,0,0,0,0,0,0,0,0,0,0,0,0
computer,0,0,0,0,1,0,0,0,0,0,0,0,0,0,0,0,1,0,1,0
holds,0,0,0,0,1,0,0,0,0,0,0,0,0,0,0,0,0,0,0,0
multiple,0,0,0,0,1,0,0,0,0,0,0,0,0,0,0,0,0,0,0,0
instances,0,0,0,0,1,0,0,0,0,0,0,0,0,0,0,0,0,0,0,0
data,0,0,0,0,1,0,1,0,1,0,0,0,0,0,1,0,0,0,0,0
type,0,0,0,0,1,0,0,0,0,0,0,0,0,0,0,0,0,0,0,0
programmers,0,0,0,0,1,0,0,1,0,0,0,0,0,0,0,0,1,0,0,0
normally,0,0,0,0,1,0,0,0,0,0,0,0,0,0,0,0,0,0,0,0
associate,0,0,0,0,1,0,0,0,0,0,0,0,0,0,0,0,0,0,0,0
word,0,0,0,0,1,0,0,0,0,0,0,0,0,0,0,0,0,0,0,0
arrays,0,0,0,0,1,0,0,0,0,0,0,0,0,0,0,0,0,0,0,0
commonly,0,0,0,0,1,0,0,0,0,0,0,0,0,0,0,0,0,0,0,0
character,0,0,0,0,1,0,0,0,0,0,0,0,0,0,0,0,0,0,0,0
variables,0,0,0,0,1,0,0,0,0,0,0,0,0,0,0,0,0,0,0,0
either,0,0,0,0,1,0,0,0,0,0,0,0,0,0,0,0,0,0,0,0
static,0,0,0,0,1,0,0,0,0,0,0,0,0,0,0,0,0,0,0,0
or,0,0,0,0,1,0,1,0,0,1,1,0,0,0,1,0,1,1,1,0
dynamic,0,0,0,0,1,0,0,0,0,0,0,0,0,0,0,0,0,0,0,0
allocated,0,0,0,0,1,0,0,0,0,0,0,0,0,0,0,0,0,0,0,0
load,0,0,0,0,1,0,0,0,0,0,0,0,0,0,0,0,0,0,0,0
segment,0,0,0,0,1,0,0,0,0,0,0,0,0,0,0,0,0,0,0,0
flow,0,0,0,0,1,0,0,0,0,0,0,0,0,0,0,0,0,0,0,0
fill,0,0,0,0,1,0,0,0,1,0,0,0,0,0,0,0,0,0,0,0
top,0,0,0,0,1,0,0,0,0,0,0,0,0,0,1,0,0,0,0,0
brims,0,0,0,0,1,0,0,0,0,0,0,0,0,0,0,0,0,0,0,0
bounds,0,0,0,0,1,0,0,0,0,0,0,0,0,0,0,0,0,0,0,0
concern,0,0,0,0,1,0,0,0,0,0,0,0,0,0,0,0,0,0,0,0
ourselves,0,0,0,0,1,0,0,0,0,0,0,0,0,0,0,0,0,0,0,0
buffers,0,0,0,0,1,0,0,0,0,0,0,0,0,0,0,0,0,0,0,0
otherwise,0,0,0,0,1,0,0,0,0,0,0,0,0,0,0,0,0,0,0,0
stackbased,0,0,0,0,1,0,0,0,0,0,0,0,0,0,0,0,0,0,0,0
arm,0,0,0,0,0,1,0,0,0,0,0,0,0,0,0,0,0,0,0,0
technology,0,0,0,0,0,1,1,0,0,0,0,1,0,0,0,0,0,0,0,0
heart,0,0,0,0,0,1,0,0,0,0,0,0,0,0,0,0,0,0,0,0
computing,0,0,0,0,0,1,0,0,0,0,0,1,0,0,0,0,0,0,0,0
connectivity,0,0,0,0,0,1,0,0,0,0,0,0,0,0,0,0,0,0,0,0
revolution,0,0,0,0,0,1,0,0,0,0,0,0,0,0,0,0,0,0,0,0
transforming,0,0,0,0,0,1,0,0,0,0,0,0,0,0,0,0,0,0,0,0
people,0,0,0,0,0,1,1,0,1,0,1,0,0,0,0,0,0,0,0,0
live,0,0,0,0,0,1,0,0,0,0,0,0,0,0,0,0,0,0,0,0
businesses,0,0,0,0,0,1,0,0,0,0,0,0,0,0,0,0,0,0,0,0
operate,0,0,0,0,0,1,0,0,0,0,0,0,0,0,0,0,0,0,0,0
our,0,0,0,0,0,1,1,0,0,0,0,0,0,0,0,0,0,0,0,0
advanced,0,0,0,0,0,1,0,0,0,0,0,0,0,0,0,0,0,0,0,0
energyefficient,0,0,0,0,0,1,0,0,0,0,0,0,0,0,0,0,0,0,0,0
processor,0,0,0,0,0,1,0,0,0,0,0,0,0,0,0,0,0,1,0,0
designs,0,0,0,0,0,1,0,0,0,0,0,0,0,0,0,0,0,0,0,0
enabled,0,0,0,0,0,1,0,0,0,0,0,0,0,0,0,0,0,0,0,0
intelligent,0,0,0,0,0,1,0,0,0,0,0,0,0,0,1,0,0,0,0,0
than,0,0,0,0,0,1,0,0,0,0,0,0,0,0,0,0,0,0,0,0
125,0,0,0,0,0,1,0,0,0,0,0,0,0,0,0,0,0,0,0,0
billion,0,0,0,0,0,1,0,0,0,0,0,0,0,0,0,0,0,0,0,0
chips,0,0,0,0,0,1,0,0,0,0,0,0,0,0,0,0,0,0,0,0
70,0,0,0,0,0,1,0,0,0,0,0,0,0,0,0,0,0,0,0,0
worlds,0,0,0,0,0,1,0,0,0,0,0,0,0,0,0,0,0,0,0,0
population,0,0,0,0,0,1,0,0,0,0,0,0,0,0,0,0,0,0,0,0
securely,0,0,0,0,0,1,0,0,0,0,0,0,0,0,0,0,0,0,0,0
powering,0,0,0,0,0,1,0,0,0,0,0,0,0,0,0,0,0,0,0,0
products,0,0,0,0,0,1,1,0,0,0,0,0,0,0,0,0,0,0,0,0
sensor,0,0,0,0,0,1,0,0,0,0,0,0,0,0,0,0,0,0,0,0
smartphone,0,0,0,0,0,1,0,0,0,0,0,0,0,0,0,0,0,0,0,0
supercomputerthis,0,0,0,0,0,1,0,0,0,0,0,0,0,0,0,0,0,0,0,0
combined,0,0,0,0,0,1,0,0,0,0,0,0,0,0,0,0,0,0,0,0
iot,0,0,0,0,0,1,0,0,0,0,0,0,0,0,0,0,0,0,0,0
software,0,0,0,0,0,1,0,0,1,0,1,1,0,0,0,0,1,1,0,0
device,0,0,0,0,0,1,1,0,0,1,0,0,0,0,0,0,0,0,0,0
management,0,0,0,0,0,1,0,0,0,0,0,0,0,0,0,0,0,0,0,0
platform,0,0,0,0,0,1,0,0,0,0,0,0,0,0,0,0,0,1,0,0
enables,0,0,0,0,0,1,0,0,0,0,0,0,0,0,0,0,0,0,0,0
customers,0,0,0,0,0,1,0,0,0,0,0,0,0,0,0,0,0,0,0,0
derive,0,0,0,0,0,1,0,0,0,0,0,0,0,0,0,0,0,0,0,0
business,0,0,0,0,0,1,0,0,0,0,0,0,0,0,0,0,0,0,0,0
value,0,0,0,0,0,1,0,0,0,0,0,0,0,0,0,0,0,0,0,0
connected,0,0,0,0,0,1,0,0,0,0,0,0,0,0,0,0,0,0,0,0
devices,0,0,0,0,0,1,1,0,0,0,0,0,0,0,0,0,0,0,0,0
together,0,0,0,0,0,1,0,0,0,0,0,0,0,0,0,0,0,0,0,0
1000,0,0,0,0,0,1,0,0,0,0,0,0,0,0,0,0,0,0,0,0
partners,0,0,0,0,0,1,0,0,0,0,0,0,0,0,0,0,0,0,0,0
forefront,0,0,0,0,0,1,0,0,0,0,0,0,0,0,0,0,0,0,0,0
designing,0,0,0,0,0,1,0,0,0,0,0,0,0,0,0,0,0,0,0,0
securing,0,0,0,0,0,1,0,0,0,0,0,0,0,0,0,0,0,0,0,0
managingall,0,0,0,0,0,1,0,0,0,0,0,0,0,0,0,0,0,0,0,0
areasofcompute,0,0,0,0,0,1,0,0,0,0,0,0,0,0,0,0,0,0,0,0
fromthe,0,0,0,0,0,1,0,0,0,0,0,0,0,0,0,0,0,0,0,0
chip,0,0,0,0,0,1,0,0,0,0,0,0,0,0,0,0,0,0,0,0
cloud,0,0,0,0,0,1,0,0,0,0,0,0,0,0,0,0,0,0,0,0
mined,0,0,0,0,0,0,1,0,0,0,0,0,0,0,0,0,0,0,0,0
aims,0,0,0,0,0,0,1,0,0,0,0,0,0,0,0,0,0,0,0,0
decentralise,0,0,0,0,0,0,1,0,0,0,0,0,0,0,0,0,0,0,0,0
artificial,0,0,0,0,0,0,1,0,0,0,0,0,0,0,0,0,0,0,0,0
intelligence,0,0,0,0,0,0,1,0,0,0,0,0,0,0,0,0,0,0,0,0
leveraging,0,0,0,0,0,0,1,0,0,0,0,0,0,0,0,0,0,0,0,0
blockchain,0,0,0,0,0,0,1,0,0,0,0,0,0,0,0,0,0,0,0,0
month,0,0,0,0,0,0,1,0,0,0,0,0,0,0,1,0,0,0,0,0
less,0,0,0,0,0,0,1,0,0,0,1,0,0,0,0,0,0,0,0,0
heard,0,0,0,0,0,0,1,0,0,0,0,0,0,0,0,0,0,0,0,0
met,0,0,0,0,0,0,1,0,0,0,0,0,0,0,0,0,0,0,0,0
andrew,0,0,0,0,0,0,1,0,0,0,0,0,0,0,0,0,0,0,0,0
trask,0,0,0,0,0,0,1,0,0,0,0,0,0,0,0,0,0,0,0,0
weekend,0,0,0,0,0,0,1,0,0,0,0,0,0,0,0,0,0,0,0,0
toronto,0,0,0,0,0,0,1,0,0,0,0,0,0,0,0,0,0,0,0,0
invited,0,0,0,0,0,0,1,0,0,0,0,0,0,0,0,0,0,0,0,0
give,0,0,0,0,0,0,1,0,0,0,0,0,0,0,0,0,0,0,0,0
talk,0,0,0,0,0,0,1,0,0,0,0,0,0,0,0,0,0,0,0,0
ai,0,0,0,0,0,0,1,0,0,0,0,0,0,0,0,0,0,0,0,0
decentralised,0,0,0,0,0,0,1,0,0,0,0,0,0,0,0,0,0,0,0,0
event,0,0,0,0,0,0,1,0,0,0,0,0,0,0,0,0,0,0,0,0
mars,0,0,0,0,0,0,1,0,0,0,0,0,0,0,0,0,0,0,0,0
curious,0,0,0,0,0,0,1,0,0,0,0,0,0,0,0,0,0,0,0,0
follow,0,0,0,0,0,0,1,0,0,0,0,0,0,0,0,0,0,0,0,0
him,0,0,0,0,0,0,1,0,0,0,0,0,1,0,0,0,0,0,0,0
twitter,0,0,0,0,0,0,1,0,0,0,0,0,0,0,1,0,0,0,0,0
presented,0,0,0,0,0,0,1,1,0,0,0,0,0,0,0,0,0,0,0,0
mineds,0,0,0,0,0,0,1,0,0,0,0,0,0,0,0,0,0,0,0,0
proof,0,0,0,0,0,0,1,0,0,0,0,0,0,0,0,0,0,0,0,0
concept,0,0,0,0,0,0,1,0,0,0,0,0,0,0,0,0,0,0,0,0
recorded,0,0,0,0,0,0,1,0,0,0,0,0,0,0,0,0,0,0,0,0
80,0,0,0,0,0,0,1,0,0,0,0,0,0,0,0,0,0,0,0,0
link,0,0,0,0,0,0,1,0,0,0,0,0,0,0,0,0,0,0,0,0
video,0,0,0,0,0,0,1,0,0,0,0,0,0,0,0,0,0,0,0,0
bottom,0,0,0,0,0,0,1,0,0,0,0,0,0,0,0,0,0,0,0,0
page,0,0,0,0,0,0,1,0,0,0,0,0,0,0,0,0,0,0,0,0
sorry,0,0,0,0,0,0,1,0,0,0,0,0,0,0,0,0,0,0,0,0
phone,0,0,0,0,0,0,1,0,0,0,0,0,0,0,0,0,0,0,0,0
ran,0,0,0,0,0,0,1,0,0,0,0,0,0,0,1,0,0,0,0,0
battery,0,0,0,0,0,0,1,0,0,0,0,0,0,0,0,0,0,0,0,0
tackles,0,0,0,0,0,0,1,0,0,0,0,0,0,0,0,0,0,0,0,0
problem,0,0,0,0,0,0,1,0,0,0,0,0,0,0,0,0,0,0,0,0
affect,0,0,0,0,0,0,1,0,0,0,0,0,0,0,0,0,0,0,0,0
companies,0,0,0,0,0,0,1,0,0,0,0,0,0,0,0,0,0,0,0,0
build,0,0,0,0,0,0,1,0,0,0,1,0,0,0,0,0,0,0,0,0
improve,0,0,0,0,0,0,1,0,0,0,0,0,0,0,0,0,1,0,0,0
services,0,0,0,0,0,0,1,0,0,0,0,0,0,0,0,0,0,0,0,0
sources,0,0,0,0,0,0,1,0,0,0,0,0,0,0,0,0,0,0,0,0
us,0,0,0,0,0,0,1,0,0,0,0,0,0,0,0,0,0,0,0,0
generate,0,0,0,0,0,0,1,0,0,0,0,0,0,0,0,0,0,0,0,0
247,0,0,0,0,0,0,1,0,0,0,0,0,0,0,0,0,0,0,0,0
constantly,0,0,0,0,0,0,1,0,0,0,0,0,0,0,0,0,0,0,0,0
inevitably,0,0,0,0,0,0,1,0,0,0,0,0,0,0,0,0,0,0,0,0
providing,0,0,0,0,0,0,1,0,0,0,0,0,0,0,0,0,0,0,0,0
tech,0,0,0,0,0,0,1,0,0,0,0,0,0,0,0,0,0,0,0,0
exchange,0,0,0,0,0,0,1,0,0,0,0,0,0,0,0,0,0,0,0,0
access,0,0,0,0,0,0,1,0,0,0,0,0,0,0,0,0,1,0,0,0
moment,0,0,0,0,0,0,1,0,0,0,0,0,0,0,0,0,0,0,0,0
accept,0,0,0,0,0,0,1,0,0,0,0,0,0,0,0,0,0,0,0,0
boilerplated,0,0,0,0,0,0,1,0,0,0,0,0,0,0,0,0,0,0,0,0
terms,0,0,0,0,0,0,1,0,0,0,0,0,0,0,0,0,0,0,0,0
every,0,0,0,0,0,0,1,0,0,0,0,0,0,0,0,0,0,0,0,1
application,0,0,0,0,0,0,1,0,0,0,0,1,0,0,0,0,1,0,0,0
download,0,0,0,0,0,0,1,0,0,0,0,0,0,0,0,0,0,0,0,0
smartphones,0,0,0,0,0,0,1,0,0,0,0,0,0,0,0,0,0,0,0,0
login,0,0,0,0,0,0,1,0,0,0,0,0,0,0,0,0,0,0,0,0
browsers,0,0,0,0,0,0,1,0,0,0,0,0,0,0,0,0,0,0,0,0
think,0,0,0,0,0,0,1,0,0,0,0,0,0,0,0,0,0,0,0,0
much,0,0,0,0,0,0,1,0,0,1,1,0,0,0,1,0,0,0,0,0
actively,0,0,0,0,0,0,1,0,0,0,0,0,0,0,0,0,0,0,0,0
passively,0,0,0,0,0,0,1,0,0,0,0,0,0,0,0,0,0,0,0,0
generating,0,0,0,0,0,0,1,0,0,0,0,0,0,0,0,0,0,1,0,0
while,0,0,0,0,0,0,1,1,0,0,0,0,1,0,0,0,0,0,0,0
giving,0,0,0,0,0,0,1,0,0,0,0,0,0,0,0,0,0,0,0,0
indeed,0,0,0,0,0,0,1,0,0,0,0,0,0,0,0,0,0,0,0,0
conversation,0,0,0,0,0,0,1,0,0,0,0,0,0,0,0,0,0,0,0,0
privacy,0,0,0,0,0,0,1,0,0,0,0,0,0,0,0,0,0,0,0,0
cares,0,0,0,0,0,0,1,0,0,0,0,0,0,0,0,0,0,0,0,0
actually,0,0,0,0,0,0,1,0,0,0,0,0,0,0,0,0,0,0,0,0
accepting,0,0,0,0,0,0,1,0,0,0,0,0,0,0,0,0,0,0,0,0
often,0,0,0,0,0,0,1,1,1,0,0,0,0,0,0,0,0,0,0,0
do,0,0,0,0,0,0,1,0,1,0,1,0,0,0,0,0,0,0,1,0
revise,0,0,0,0,0,0,1,0,0,0,0,0,0,0,0,0,0,0,0,0
settings,0,0,0,0,0,0,1,0,0,0,0,1,0,0,0,0,0,0,0,0
iphone,0,0,0,0,0,0,1,0,0,0,0,0,0,0,0,0,0,0,0,0
fact,0,0,0,0,0,0,1,0,0,0,0,0,1,0,0,0,0,0,0,0
dont,0,0,0,0,0,0,1,0,0,0,0,0,0,0,0,0,0,0,0,0
really,0,0,0,0,0,0,1,0,0,0,0,0,0,0,0,0,0,0,0,0
care,0,0,0,0,0,0,1,0,0,0,0,0,0,0,0,0,0,0,0,0
however,0,0,0,0,0,0,1,0,0,0,0,0,0,0,1,0,0,0,0,0
earn,0,0,0,0,0,0,1,0,0,0,0,0,0,0,0,0,0,0,0,0
specifically,0,0,0,0,0,0,1,0,0,0,0,1,0,0,0,0,0,0,0,0
easily,0,0,0,0,0,0,1,0,1,0,0,0,0,0,0,0,0,0,0,0
sell,0,0,0,0,0,0,1,0,0,0,0,0,0,0,0,0,0,0,0,0
format,0,0,0,0,0,0,1,0,0,0,0,0,0,0,0,0,0,0,0,0
cannot,0,0,0,0,0,0,1,0,0,1,0,0,0,0,0,0,0,0,0,0
understand,0,0,0,0,0,0,1,0,0,0,0,0,0,0,0,0,0,0,0,0
app,0,0,0,0,0,0,1,0,0,0,0,0,0,0,0,0,0,0,0,0
users,0,0,0,0,0,0,1,0,0,0,0,0,0,0,0,0,1,1,0,0
continue,0,0,0,0,0,0,1,0,0,0,0,0,0,0,0,0,0,0,0,0
currently,0,0,0,0,0,0,1,0,0,0,0,0,0,0,0,0,0,0,0,0
train,0,0,0,0,0,0,1,0,0,0,0,0,0,0,0,0,0,0,0,0
models,0,0,0,0,0,0,1,0,0,0,1,0,0,0,0,0,0,0,0,0
machine,0,0,0,0,0,0,1,0,1,0,0,0,0,0,0,0,0,0,0,0
learning,0,0,0,0,0,0,1,0,0,0,0,0,0,0,0,0,0,0,0,0
deep,0,0,0,0,0,0,1,0,0,0,0,0,0,0,0,0,0,1,0,0
without,0,0,0,0,0,0,1,0,0,1,0,0,0,0,0,0,0,0,0,0
leaving,0,0,0,0,0,0,1,0,0,0,0,0,0,0,0,0,0,0,0,0
model,0,0,0,0,0,0,1,0,0,0,1,0,0,0,0,0,0,0,0,0
encrypted,0,0,0,0,0,0,1,0,0,0,0,0,0,0,0,0,0,0,0,0
homomorphic,0,0,0,0,0,0,1,0,0,0,0,0,0,0,0,0,0,0,0,0
encryption,0,0,0,0,0,0,1,0,0,0,0,0,0,0,0,0,0,0,0,0
shared,0,0,0,0,0,0,1,0,0,0,0,0,0,0,0,0,0,0,0,0
practitioners,0,0,0,0,0,0,1,0,0,0,0,0,0,0,0,0,0,0,0,0
compensation,0,0,0,0,0,0,1,0,0,0,0,0,0,0,0,0,0,0,0,0
determined,0,0,0,0,0,0,1,0,0,0,0,0,0,0,0,0,0,0,0,0
contributes,0,0,0,0,0,0,1,0,0,0,1,0,0,0,0,0,0,0,0,0
accuracy,0,0,0,0,0,0,1,0,0,0,0,0,0,0,0,0,0,0,0,0
automatically,0,0,0,0,0,0,1,0,0,1,0,0,0,0,0,0,0,0,0,0
python,0,0,0,0,0,0,0,1,0,0,0,0,0,0,0,0,0,1,0,0
easy,0,0,0,0,0,0,0,1,0,0,0,0,0,0,0,0,0,0,0,0
learn,0,0,0,0,0,0,0,1,0,0,1,0,0,0,0,0,0,0,0,0
powerful,0,0,0,0,0,0,0,1,0,0,0,0,0,0,0,0,0,0,0,0
official,0,0,0,0,0,0,0,1,0,0,0,0,0,0,0,0,0,0,0,0
tutorial,0,0,0,0,0,0,0,1,0,0,0,0,0,0,0,0,0,0,0,0
true,0,0,0,0,0,0,0,1,0,0,0,0,0,0,0,0,0,0,0,0
catch,0,0,0,0,0,0,0,1,0,0,0,0,0,0,0,0,0,0,0,0
use,0,0,0,0,0,0,0,1,0,0,1,0,0,0,0,0,0,0,0,0
practicing,0,0,0,0,0,0,0,1,0,0,0,0,0,0,0,0,0,0,0,0
leverage,0,0,0,0,0,0,0,1,0,0,0,0,0,0,0,0,0,0,0,0
fraction,0,0,0,0,0,0,0,1,1,0,0,0,0,0,0,0,0,0,0,0
features,0,0,0,0,0,0,0,1,0,0,0,0,0,0,0,0,1,1,0,0
experienced,0,0,0,0,0,0,0,1,0,0,0,0,0,0,0,0,0,0,0,0
may,0,0,0,0,0,0,0,1,0,0,0,0,0,0,0,0,0,1,0,0
useful,0,0,0,0,0,0,0,1,0,0,0,0,0,0,0,0,0,0,0,0
hours,0,0,0,0,0,0,0,1,1,0,0,0,0,0,0,0,0,0,0,0
productive,0,0,0,0,0,0,0,1,0,0,0,0,0,0,0,0,0,0,0,0
lot,0,0,0,0,0,0,0,1,0,0,0,0,1,0,0,0,0,0,0,0
strong,0,0,0,0,0,0,0,1,0,0,0,0,0,0,0,0,0,0,0,0
accent,0,0,0,0,0,0,0,1,0,0,0,0,0,0,0,0,0,0,0,0
carried,0,0,0,0,0,0,0,1,0,0,0,0,0,0,0,0,0,0,0,0
languages,0,0,0,0,0,0,0,1,0,0,0,0,0,0,0,0,0,0,0,0
learned,0,0,0,0,0,0,0,1,0,0,0,0,0,0,0,0,0,0,0,0
academia,0,0,0,0,0,0,0,1,0,0,0,0,0,0,0,0,0,0,0,0
introductory,0,0,0,0,0,0,0,1,0,0,0,0,0,0,0,0,0,0,0,0
books,0,0,0,0,0,0,0,1,0,0,0,0,0,0,0,0,0,0,0,0
carefully,0,0,0,0,0,0,0,1,0,0,0,0,0,0,0,0,0,0,0,0
avoiding,0,0,0,0,0,0,0,1,0,0,0,0,0,0,0,0,0,0,0,0
languagespecific,0,0,0,0,0,0,0,1,0,0,0,0,0,0,0,0,0,0,0,0
ancient,0,0,0,0,0,0,0,0,1,0,0,0,0,0,0,0,0,0,0,0
times,0,0,0,0,0,0,0,0,1,0,0,0,0,0,0,0,0,0,0,0
2000,0,0,0,0,0,0,0,0,1,0,0,0,0,0,0,0,0,0,0,0
bored,0,0,0,0,0,0,0,0,1,0,0,0,0,0,0,0,0,0,0,0
clever,0,0,0,0,0,0,0,0,1,0,0,0,0,0,0,0,0,0,0,0
teenagers,0,0,0,0,0,0,0,0,1,0,0,0,0,0,0,0,0,0,0,0
idle,0,0,0,0,0,0,0,0,1,0,0,0,0,0,0,0,0,0,0,0
malicious,0,0,0,0,0,0,0,0,1,0,0,0,0,0,0,0,0,1,0,0
re,0,0,0,0,0,0,0,0,1,0,0,0,0,0,0,0,0,0,0,0
lease,0,0,0,0,0,0,0,0,1,0,0,0,0,0,0,0,0,0,0,0
heck,0,0,0,0,0,0,0,0,1,0,0,0,0,0,0,0,0,0,0,0
included,0,0,0,0,0,0,0,0,1,0,0,0,0,0,0,0,0,0,0,0
trojan,0,0,0,0,0,0,0,0,1,0,0,0,0,0,0,0,0,0,0,0
horses,0,0,0,0,0,0,0,0,1,0,0,0,0,0,0,0,0,0,0,0
viruses,0,0,0,0,0,0,0,0,1,0,0,0,0,0,0,0,0,0,0,0
worms,0,0,0,0,0,0,0,0,1,0,0,0,0,0,0,0,0,0,0,0
collectively,0,0,0,0,0,0,0,0,1,0,0,0,0,0,0,0,0,0,0,0
called,0,0,0,0,0,0,0,0,1,0,0,0,0,0,1,0,0,0,0,1
malware,0,0,0,0,0,0,0,0,1,0,0,0,0,0,0,0,0,0,0,0
quickly,0,0,0,0,0,0,0,0,1,0,0,1,0,0,0,0,0,0,0,0
spread,0,0,0,0,0,0,0,0,1,0,0,0,0,0,0,0,0,0,0,0
reports,0,0,0,0,0,0,0,0,1,0,0,0,0,0,0,0,0,0,0,0
published,0,0,0,0,0,0,0,0,1,0,0,0,0,0,1,0,0,0,0,0
millions,0,0,0,0,0,0,0,0,1,0,0,0,0,0,0,0,0,0,0,0
dollars,0,0,0,0,0,0,0,0,1,0,0,0,0,0,0,0,0,0,0,0
dam,0,0,0,0,0,0,0,0,1,0,0,0,0,0,0,0,0,0,0,0
caused,0,0,0,0,0,0,0,0,1,0,0,0,0,0,0,0,0,0,0,0
lost,0,0,0,0,0,0,0,0,1,0,0,0,0,0,0,0,0,0,0,0
valuable,0,0,0,0,0,0,0,0,1,0,0,0,0,0,0,0,0,0,0,0
result,0,0,0,0,0,0,0,0,1,0,0,0,0,0,0,0,0,0,0,0
authors,0,0,0,0,0,0,0,0,1,0,0,0,0,0,0,0,0,0,0,0
impressed,0,0,0,0,0,0,0,0,1,0,0,0,0,0,0,0,0,0,0,0
skills,0,0,0,0,0,0,0,0,1,0,1,0,0,0,0,0,0,0,0,0
prank,0,0,0,0,0,0,0,0,1,0,0,0,0,0,0,0,0,0,0,0
days,0,0,0,0,0,0,0,0,1,0,0,0,0,0,0,0,0,0,0,0
gone,0,0,0,0,0,0,0,0,1,0,0,0,0,0,0,0,0,0,0,0
written,0,0,0,0,0,0,0,0,1,0,0,0,0,0,0,0,0,0,0,0
demand,0,0,0,0,0,0,0,0,1,0,0,0,0,0,0,0,0,0,0,0
wellorganized,0,0,0,0,0,0,0,0,1,0,0,0,0,0,0,0,0,0,0,0
criminals,0,0,0,0,0,0,0,0,1,0,0,0,0,0,0,0,0,0,0,0
prefer,0,0,0,0,0,0,0,0,1,0,0,0,0,0,0,0,0,0,0,0
publicized,0,0,0,0,0,0,0,0,1,0,0,0,0,0,0,0,0,0,0,0
newspapers,0,0,0,0,0,0,0,0,1,0,0,0,0,1,0,0,0,0,0,0
entirely,0,0,0,0,0,0,0,0,1,0,0,0,0,0,0,0,0,0,0,0
designed,0,0,0,0,0,0,0,0,1,0,0,0,0,0,0,0,0,0,0,0
internet,0,0,0,0,0,0,0,0,1,0,0,0,0,0,1,0,0,0,0,0
infect,0,0,0,0,0,0,0,0,1,0,0,0,0,0,0,0,0,0,0,0
victim,0,0,0,0,0,0,0,0,1,0,0,0,0,0,0,0,0,0,0,0
machines,0,0,0,0,0,0,0,0,1,0,0,0,0,0,0,0,0,0,0,0
extremely,0,0,0,0,0,0,0,0,1,0,0,0,0,0,0,0,0,0,0,0
stealthy,0,0,0,0,0,0,0,0,1,0,0,0,0,0,0,0,0,0,0,0
ner,0,0,0,0,0,0,0,0,1,0,0,0,0,0,0,0,0,0,0,0
infected,0,0,0,0,0,0,0,0,1,0,0,0,0,0,0,0,0,0,0,0
installed,0,0,0,0,0,0,0,0,1,0,0,0,0,0,0,0,0,0,0,0
captured,0,0,0,0,0,0,0,0,1,0,0,0,0,0,0,0,0,0,0,0
backdoor,0,0,0,0,0,0,0,0,1,0,0,0,0,0,0,0,0,0,0,0
allows,0,0,0,0,0,0,0,0,1,0,0,0,0,0,0,0,0,0,0,1
sent,0,0,0,0,0,0,0,0,1,0,0,0,0,0,0,0,0,0,0,0
command,0,0,0,0,0,0,0,0,1,0,0,0,0,0,0,0,0,0,0,0
instructed,0,0,0,0,0,0,0,0,1,0,0,0,0,0,0,0,0,0,0,0
taken,0,0,0,0,0,0,0,0,1,0,0,0,0,0,1,0,0,0,0,0
fashion,0,0,0,0,0,0,0,0,1,0,0,0,0,0,0,0,0,0,0,0
zombie,0,0,0,0,0,0,0,0,1,0,0,0,0,0,0,0,0,0,0,0
collection,0,0,0,0,0,0,0,0,1,1,0,0,0,0,0,0,0,0,0,0
botnet,0,0,0,0,0,0,0,0,1,0,0,0,0,0,0,0,0,0,0,0
contraction,0,0,0,0,0,0,0,0,1,0,0,0,0,0,0,0,0,0,0,0
'robot,0,0,0,0,0,0,0,0,1,0,0,0,0,0,0,0,0,0,0,0
network',0,0,0,0,0,0,0,0,1,0,0,0,0,0,0,0,0,0,0,0
criminal,0,0,0,0,0,0,0,0,1,0,0,0,0,0,0,0,0,0,0,0
controls,0,0,0,0,0,0,0,0,1,0,0,0,0,0,0,0,0,0,0,0
rent,0,0,0,0,0,0,0,0,1,0,0,0,0,0,0,0,0,0,0,0
nefarious,0,0,0,0,0,0,0,0,1,0,0,0,0,0,0,0,0,0,0,0
al,0,0,0,0,0,0,0,0,1,0,0,0,0,0,0,0,0,0,0,0
ways,0,0,0,0,0,0,0,0,1,0,0,0,0,0,0,0,0,0,0,0
purposes,0,0,0,0,0,0,0,0,1,0,0,0,0,0,0,0,0,0,0,0
common,0,0,0,0,0,0,0,0,1,0,0,0,0,0,0,0,0,0,0,0
sending,0,0,0,0,0,0,0,0,1,0,0,0,0,0,0,0,0,0,0,0
attack,0,0,0,0,0,0,0,0,1,0,0,0,0,0,0,0,0,0,0,0
occurs,0,0,0,0,0,0,0,0,1,0,0,0,0,0,0,0,0,0,0,0
police,0,0,0,0,0,0,0,0,1,0,0,0,0,1,0,0,0,0,0,0
track,0,0,0,0,0,0,0,0,1,0,0,0,0,0,0,0,0,0,0,0
origin,0,0,0,0,0,0,0,0,1,0,0,0,0,0,0,0,0,0,0,0
thousands,0,0,0,0,0,0,0,0,1,0,0,0,0,0,0,0,0,0,0,0
ap,0,0,0,0,0,0,0,0,1,0,0,0,0,0,0,0,0,0,0,0
proach,0,0,0,0,0,0,0,0,1,0,0,0,0,0,0,0,0,0,0,0
owners,0,0,0,0,0,0,0,0,1,0,0,0,0,0,0,0,0,0,0,0
discover,0,0,0,0,0,0,0,0,1,0,0,0,0,0,0,0,0,0,0,0
small,0,0,0,0,0,0,0,0,1,1,0,0,0,0,0,0,0,0,0,0
busi,0,0,0,0,0,0,0,0,1,0,0,0,0,0,0,0,0,0,0,0
ness,0,0,0,0,0,0,0,0,1,0,0,0,0,0,0,0,0,0,0,0
housewives,0,0,0,0,0,0,0,0,1,0,0,0,0,0,0,0,0,0,0,0
grandmothers,0,0,0,0,0,0,0,0,1,0,0,0,0,0,0,0,0,0,0,0
whom,0,0,0,0,0,0,0,0,1,0,0,0,0,0,0,0,0,0,0,0
vig,0,0,0,0,0,0,0,0,1,0,0,0,0,0,0,0,0,0,0,0
orously,0,0,0,0,0,0,0,0,1,0,0,0,0,0,0,0,0,0,0,0
deny,0,0,0,0,0,0,0,0,1,0,0,0,0,0,0,0,0,0,0,0
mass,0,0,0,0,0,0,0,0,1,0,0,0,0,0,0,0,0,0,0,0
spammers,0,0,0,0,0,0,0,0,1,0,0,0,0,0,0,0,0,0,0,0
people's,0,0,0,0,0,0,0,0,1,0,0,0,0,0,0,0,0,0,0,0
dirty,0,0,0,0,0,0,0,0,1,0,0,0,0,0,0,0,0,0,0,0
makes,0,0,0,0,0,0,0,0,1,0,0,0,0,0,0,0,0,0,0,0
behind,0,0,0,0,0,0,0,0,1,0,0,0,0,0,0,0,0,0,0,0
operation,0,0,0,0,0,0,0,0,1,0,0,0,0,0,0,0,0,0,0,0
minix,0,0,0,0,0,0,0,0,0,1,0,0,0,0,0,0,0,0,0,0
3,0,0,0,0,0,0,0,0,0,1,0,0,0,0,0,0,0,0,0,0
free,0,0,0,0,0,0,0,0,0,1,0,0,0,0,0,0,0,0,1,0
studying,0,0,0,0,0,0,0,0,0,1,0,0,0,0,0,0,0,0,0,0
base,0,0,0,0,0,0,0,0,0,1,0,0,0,0,0,0,0,0,0,0
embedded,0,0,0,0,0,0,0,0,0,1,0,0,0,0,0,0,0,0,0,0
microkernel,0,0,0,0,0,0,0,0,0,1,0,0,0,0,0,0,0,0,0,0
dominate,0,0,0,0,0,0,0,0,0,1,0,0,0,0,0,0,0,0,0,0
market,0,0,0,0,0,0,0,0,0,1,0,0,0,0,0,0,0,0,0,0
focus,0,0,0,0,0,0,0,0,0,1,0,0,0,0,0,0,0,0,0,0
achieving,0,0,0,0,0,0,0,0,0,1,0,0,0,0,0,0,0,0,0,0
high,0,0,0,0,0,0,0,0,0,1,0,0,1,0,0,0,0,0,1,0
reliability,0,0,0,0,0,0,0,0,0,1,0,0,0,0,0,0,0,0,0,0
through,0,0,0,0,0,0,0,0,0,1,0,0,1,0,0,0,0,0,0,1
fault,0,0,0,0,0,0,0,0,0,1,0,0,0,0,0,0,0,0,0,0
tolerance,0,0,0,0,0,0,0,0,0,1,0,0,0,0,0,0,0,0,0,0
selfhealing,0,0,0,0,0,0,0,0,0,1,0,0,0,0,0,0,0,0,0,0
based,0,0,0,0,0,0,0,0,0,1,0,0,0,0,0,0,0,0,0,0
12k,0,0,0,0,0,0,0,0,0,1,0,0,0,0,0,0,0,0,0,0
lines,0,0,0,0,0,0,0,0,0,1,0,0,0,0,0,0,0,0,0,0
runs,0,0,0,0,0,0,0,0,0,1,1,1,0,0,0,0,0,0,0,0
mode,0,0,0,0,0,0,0,0,0,1,0,0,0,0,0,0,0,0,0,0
rest,0,0,0,0,0,0,0,0,0,1,0,0,0,0,0,0,0,0,0,0
server,0,0,0,0,0,0,0,0,0,1,0,0,0,0,0,0,0,0,0,0
processes,0,0,0,0,0,0,0,0,0,1,0,0,0,0,0,0,0,0,0,0
each,0,0,0,0,0,0,0,0,0,1,0,0,1,0,0,0,0,0,0,0
protected,0,0,0,0,0,0,0,0,0,1,0,0,0,0,0,0,0,0,0,0
hardware,0,0,0,0,0,0,0,0,0,1,1,0,0,0,0,0,0,0,0,0
mmu,0,0,0,0,0,0,0,0,0,1,0,0,0,0,0,0,0,0,0,0
file,0,0,0,0,0,0,0,0,0,1,0,0,0,0,0,0,0,0,0,0
actual,0,0,0,0,0,0,0,0,0,1,0,0,0,0,0,0,0,0,0,0
manager,0,0,0,0,0,0,0,0,0,1,0,0,0,0,0,0,0,0,0,0
reincarnation,0,0,0,0,0,0,0,0,0,1,0,0,0,0,0,0,0,0,0,0
drivers,0,0,0,0,0,0,0,0,0,1,0,0,0,0,0,0,0,0,0,0
separate,0,0,0,0,0,0,0,0,0,1,0,1,1,0,0,0,0,0,0,0
usermode,0,0,0,0,0,0,0,0,0,1,0,0,0,0,0,0,0,0,0,0
consequence,0,0,0,0,0,0,0,0,0,1,0,0,0,0,0,0,0,0,0,0
design,0,0,0,0,0,0,0,0,0,1,0,0,0,0,0,0,0,0,0,0
failures,0,0,0,0,0,0,0,0,0,1,0,0,0,0,0,0,0,0,0,0
due,0,0,0,0,0,0,0,0,0,1,0,0,0,0,0,0,0,0,0,0
attacks,0,0,0,0,0,0,0,0,0,1,0,0,0,0,0,0,0,0,0,0
isolated,0,0,0,0,0,0,0,0,0,1,0,0,0,0,0,0,0,0,0,0
example,0,0,0,0,0,0,0,0,0,1,0,0,0,0,0,0,0,0,0,0
failure,0,0,0,0,0,0,0,0,0,1,0,0,0,0,0,0,0,0,0,0
takeover,0,0,0,0,0,0,0,0,0,1,0,0,0,0,0,0,0,0,0,0
audio,0,0,0,0,0,0,0,0,0,1,0,0,0,0,0,0,0,0,0,0
driver,0,0,0,0,0,0,0,0,0,1,0,0,0,0,0,0,0,0,0,0
exploit,0,0,0,0,0,0,0,0,0,1,0,0,0,0,0,0,0,0,0,0
lead,0,0,0,0,0,0,0,0,0,1,0,0,0,0,0,0,0,0,0,0
sounds,0,0,0,0,0,0,0,0,0,1,0,0,0,0,0,0,0,0,0,0
similarly,0,0,0,0,0,0,0,0,0,1,0,0,0,0,0,0,0,0,0,0
crashes,0,0,0,0,0,0,0,0,0,1,0,0,0,0,0,0,0,0,0,0
component,0,0,0,0,0,0,0,0,0,1,0,0,0,0,0,0,0,0,0,0
cases,0,0,0,0,0,0,0,0,0,1,0,0,0,0,0,0,0,0,0,0
transparently,0,0,0,0,0,0,0,0,0,1,0,0,0,0,0,0,0,0,0,0
recovered,0,0,0,0,0,0,0,0,0,1,0,0,0,0,0,0,0,0,0,0
intervention,0,0,0,0,0,0,0,0,0,1,0,0,0,0,0,0,0,0,0,0
raspberry,0,0,0,0,0,0,0,0,0,0,1,0,0,0,0,0,0,0,0,0
pi,0,0,0,0,0,0,0,0,0,0,1,0,0,0,0,0,0,0,0,0
operates,0,0,0,0,0,0,0,0,0,0,1,0,0,0,0,0,0,0,0,0
ecosystem,0,0,0,0,0,0,0,0,0,0,1,0,0,0,0,0,0,0,0,0
variety,0,0,0,0,0,0,0,0,0,0,1,0,0,0,0,0,0,1,0,0
distributions,0,0,0,0,0,0,0,0,0,0,1,0,0,0,0,0,0,0,0,0
main,0,0,0,0,0,0,0,0,0,0,1,0,0,0,0,0,0,0,0,0
supported,0,0,0,0,0,0,0,0,0,0,1,0,0,0,0,0,0,0,0,0
raspbian,0,0,0,0,0,0,0,0,0,0,1,0,0,0,0,0,0,0,0,0
suite,0,0,0,0,0,0,0,0,0,0,1,0,0,0,0,0,0,1,0,0
foundation,0,0,0,0,0,0,0,0,0,0,1,0,0,0,0,0,0,0,0,0
well,0,0,0,0,0,0,0,0,0,0,1,0,0,0,0,0,0,0,0,0
releasing,0,0,0,0,0,0,0,0,0,0,1,0,0,0,0,0,0,0,0,0
launched,0,0,0,0,0,0,0,0,0,0,1,1,0,0,0,0,0,0,0,0
several,0,0,0,0,0,0,0,0,0,0,1,0,0,0,0,0,0,0,0,0
iterations,0,0,0,0,0,0,0,0,0,0,1,0,0,0,0,0,0,0,0,0
variations,0,0,0,0,0,0,0,0,0,0,1,0,0,0,0,0,0,0,0,0
original,0,0,0,0,0,0,0,0,0,0,1,0,0,0,0,0,0,0,0,0
singlecore,0,0,0,0,0,0,0,0,0,0,1,0,0,0,0,0,0,0,0,0
700mhz,0,0,0,0,0,0,0,0,0,0,1,0,0,0,0,0,0,0,0,0
256mb,0,0,0,0,0,0,0,0,0,0,1,0,0,0,0,0,0,0,0,0
ram,0,0,0,0,0,0,0,0,0,0,1,0,0,0,0,0,0,0,0,0
latest,0,0,0,0,0,0,0,0,0,0,1,0,0,0,0,0,0,0,0,0
quadcore,0,0,0,0,0,0,0,0,0,0,1,0,0,0,0,0,0,0,0,0
14ghz,0,0,0,0,0,0,0,0,0,0,1,0,0,0,0,0,0,0,0,0
1gb,0,0,0,0,0,0,0,0,0,0,1,0,0,0,0,0,0,0,0,0
price,0,0,0,0,0,0,0,0,0,0,1,0,0,0,0,0,0,0,0,0
point,0,0,0,0,0,0,0,0,0,0,1,0,0,0,0,0,0,0,0,0
35,0,0,0,0,0,0,0,0,0,0,1,0,0,0,0,0,0,0,0,0
including,0,0,0,0,0,0,0,0,0,0,1,0,0,0,0,0,0,1,0,0
zero,0,0,0,0,0,0,0,0,0,0,1,0,0,0,0,0,0,0,0,0
costs,0,0,0,0,0,0,0,0,0,0,1,0,0,0,0,0,0,0,0,0
5,0,0,0,0,0,0,0,0,0,0,1,0,0,0,1,0,0,0,0,0
pis,0,0,0,0,0,0,0,0,0,0,1,0,0,0,0,0,0,0,0,0
automation,0,0,0,0,0,0,0,0,0,0,1,0,0,0,0,0,0,0,0,0
industrial,0,0,0,0,0,0,0,0,0,0,1,0,0,0,0,0,0,0,0,0
applications,0,0,0,0,0,0,0,0,0,0,1,1,0,0,0,0,0,0,0,0
container,0,0,0,0,0,0,0,0,0,0,0,1,0,0,0,0,0,0,0,0
standard,0,0,0,0,0,0,0,0,0,0,0,1,0,0,0,0,0,0,0,0
unit,0,0,0,0,0,0,0,0,0,0,0,1,0,0,0,0,0,0,0,0
packages,0,0,0,0,0,0,0,0,0,0,0,1,0,0,0,0,0,0,0,0
dependencies,0,0,0,0,0,0,0,0,0,0,0,1,0,0,0,0,0,0,0,0
reliably,0,0,0,0,0,0,0,0,0,0,0,1,0,0,0,0,0,0,0,0
environment,0,0,0,0,0,0,0,0,0,0,0,1,0,0,0,0,0,0,0,0
another,0,0,0,0,0,0,0,0,0,0,0,1,0,0,0,0,0,0,0,0
docker,0,0,0,0,0,0,0,0,0,0,0,1,0,0,0,0,0,0,0,0
lightweight,0,0,0,0,0,0,0,0,0,0,0,1,0,0,0,0,0,0,0,0
standalone,0,0,0,0,0,0,0,0,0,0,0,1,0,0,0,0,0,0,0,0
executable,0,0,0,0,0,0,0,0,0,0,0,1,0,0,0,0,0,1,0,0
package,0,0,0,0,0,0,0,0,0,0,0,1,0,0,0,0,0,0,0,0
includes,0,0,0,0,0,0,0,0,0,0,0,1,0,0,0,0,0,1,0,0
needed,0,0,0,0,0,0,0,0,0,0,0,1,0,0,0,0,0,0,0,0
runtime,0,0,0,0,0,0,0,0,0,0,0,1,0,0,0,0,0,0,0,0
tools,0,0,0,0,0,0,0,0,0,0,0,1,0,0,0,0,0,1,0,0
libraries,0,0,0,0,0,0,0,0,0,0,0,1,0,0,0,0,0,0,0,0
containers,0,0,0,0,0,0,0,0,0,0,0,1,0,0,0,0,0,0,0,0
case,0,0,0,0,0,0,0,0,0,0,0,1,0,1,0,0,0,0,0,0
engine,0,0,0,0,0,0,0,0,0,0,0,1,0,0,0,0,0,0,0,0
windowsbased,0,0,0,0,0,0,0,0,0,0,0,1,0,0,0,0,0,0,0,0
containerized,0,0,0,0,0,0,0,0,0,0,0,1,0,0,0,0,0,0,0,0
regardless,0,0,0,0,0,0,0,0,0,0,0,1,0,0,0,0,0,0,0,0
infrastructure,0,0,0,0,0,0,0,0,0,0,0,1,0,0,0,0,0,0,0,0
isolate,0,0,0,0,0,0,0,0,0,0,0,1,0,0,0,0,0,0,0,0
ensure,0,0,0,0,0,0,0,0,0,0,0,1,0,0,0,0,0,0,0,0
uniformly,0,0,0,0,0,0,0,0,0,0,0,1,0,0,0,0,0,0,0,0
despite,0,0,0,0,0,0,0,0,0,0,0,1,0,0,0,0,0,0,0,0
differences,0,0,0,0,0,0,0,0,0,0,0,1,0,0,0,0,0,0,0,0
instance,0,0,0,0,0,0,0,0,0,0,0,1,0,0,0,0,0,0,0,0
staging,0,0,0,0,0,0,0,0,0,0,0,1,0,0,0,0,0,0,0,0
leveraged,0,0,0,0,0,0,0,0,0,0,0,1,0,0,0,0,0,0,0,0
existing,0,0,0,0,0,0,0,0,0,0,0,1,0,0,0,0,0,0,0,0
primitives,0,0,0,0,0,0,0,0,0,0,0,1,0,0,0,0,0,0,0,0
cgroups,0,0,0,0,0,0,0,0,0,0,0,1,0,0,0,0,0,0,0,0
namespaces,0,0,0,0,0,0,0,0,0,0,0,1,0,0,0,0,0,0,0,0
docker's,0,0,0,0,0,0,0,0,0,0,0,1,0,0,0,0,0,0,0,0
unique,0,0,0,0,0,0,0,0,0,0,0,1,0,0,0,0,0,0,1,0
focuses,0,0,0,0,0,0,0,0,0,0,0,1,0,0,0,0,0,0,0,0
requirements,0,0,0,0,0,0,0,0,0,0,0,1,0,0,0,0,0,0,0,0
operators,0,0,0,0,0,0,0,0,0,0,0,1,0,0,0,0,0,0,0,0
know,0,0,0,0,0,0,0,0,0,0,0,0,1,0,0,1,0,0,0,0
clive,0,0,0,0,0,0,0,0,0,0,0,0,1,0,0,0,0,0,0,0
campbell,0,0,0,0,0,0,0,0,0,0,0,0,1,0,0,0,0,0,0,0
1955,0,0,0,0,0,0,0,0,0,0,0,0,1,0,0,0,0,0,0,0
kingston,0,0,0,0,0,0,0,0,0,0,0,0,1,0,0,0,0,0,0,0
jamaica,0,0,0,0,0,0,0,0,0,0,0,0,1,0,0,0,0,0,0,0
father,0,0,0,0,0,0,0,0,0,0,0,0,1,0,0,0,0,0,0,0
hip,0,0,0,0,0,0,0,0,0,0,0,0,1,0,0,0,0,0,0,0
hop,0,0,0,0,0,0,0,0,0,0,0,0,1,0,0,0,0,0,0,0
kool,0,0,0,0,0,0,0,0,0,0,0,0,1,0,0,0,0,0,0,0
herc,0,0,0,0,0,0,0,0,0,0,0,0,1,0,0,0,0,0,0,0
emigrated,0,0,0,0,0,0,0,0,0,0,0,0,1,0,0,0,0,0,0,0
bronx,0,0,0,0,0,0,0,0,0,0,0,0,1,0,0,0,0,0,0,0
12,0,0,0,0,0,0,0,0,0,0,0,0,1,0,0,0,0,0,0,0
attending,0,0,0,0,0,0,0,0,0,0,0,0,1,0,0,0,0,0,0,0
alfred,0,0,0,0,0,0,0,0,0,0,0,0,1,0,0,0,0,0,0,0
e,0,0,0,0,0,0,0,0,0,0,0,0,1,0,0,0,0,0,0,0
smith,0,0,0,0,0,0,0,0,0,0,0,0,1,0,0,0,0,0,0,0
school,0,0,0,0,0,0,0,0,0,0,0,0,1,0,0,0,0,0,1,0
spent,0,0,0,0,0,0,0,0,0,0,0,0,1,1,0,0,0,0,0,0
weight,0,0,0,0,0,0,0,0,0,0,0,0,1,0,0,0,0,0,0,0
coupled,0,0,0,0,0,0,0,0,0,0,0,0,1,0,0,0,0,0,0,0
height,0,0,0,0,0,0,0,0,0,0,0,0,1,0,0,0,0,0,0,0
spurned,0,0,0,0,0,0,0,0,0,0,0,0,1,0,0,0,0,0,0,0
hercules,0,0,0,0,0,0,0,0,0,0,0,0,1,0,0,0,0,0,0,0
deejay,0,0,0,0,0,0,0,0,0,0,0,0,1,0,0,0,0,0,0,0
gig,0,0,0,0,0,0,0,0,0,0,0,0,1,0,0,0,0,0,0,0
sister's,0,0,0,0,0,0,0,0,0,0,0,0,1,0,0,0,0,0,0,0
birthday,0,0,0,0,0,0,0,0,0,0,0,0,1,0,0,0,0,0,0,0
party,0,0,0,0,0,0,0,0,0,0,0,0,1,0,0,0,0,0,0,0
industry,0,0,0,0,0,0,0,0,0,0,0,0,1,0,0,0,0,0,0,0
purchase,0,0,0,0,0,0,0,0,0,0,0,0,1,0,0,0,0,0,0,0
copies,0,0,0,0,0,0,0,0,0,0,0,0,1,0,0,0,0,0,0,0
turntables,0,0,0,0,0,0,0,0,0,0,0,0,1,0,0,0,0,0,0,0
break,0,0,0,0,0,0,0,0,0,0,0,0,1,0,0,0,0,0,1,0
beat,0,0,0,0,0,0,0,0,0,0,0,0,1,0,0,0,0,0,0,0
turntable,0,0,0,0,0,0,0,0,0,0,0,0,1,0,0,0,0,0,0,0
part,0,0,0,0,0,0,0,0,0,0,0,0,1,0,0,0,1,0,0,0
doing,0,0,0,0,0,0,0,0,0,0,0,0,1,0,0,0,0,0,0,0
rock,0,0,0,0,0,0,0,0,0,0,0,0,1,0,0,0,0,0,0,0
house,0,0,0,0,0,0,0,0,0,0,0,0,1,0,0,0,0,0,0,0
ny,0,0,0,0,0,0,0,0,0,0,0,0,1,0,0,0,0,0,0,0
mention,0,0,0,0,0,0,0,0,0,0,0,0,1,0,0,0,0,0,0,0
form,0,0,0,0,0,0,0,0,0,0,0,0,1,0,0,0,0,0,0,1
looping,0,0,0,0,0,0,0,0,0,0,0,0,1,0,0,0,0,0,0,0
easier,0,0,0,0,0,0,0,0,0,0,0,0,1,0,0,0,0,0,0,0
electronic,0,0,0,0,0,0,0,0,0,0,0,0,1,0,0,0,0,0,0,0
sampling,0,0,0,0,0,0,0,0,0,0,0,0,1,0,0,0,0,0,0,0
zodiac,0,0,0,0,0,0,0,0,0,0,0,0,0,1,0,0,0,0,0,0
tells,0,0,0,0,0,0,0,0,0,0,0,0,0,1,0,0,0,0,0,0
manhunt,0,0,0,0,0,0,0,0,0,0,0,0,0,1,0,0,0,0,0,0
killer,0,0,0,0,0,0,0,0,0,0,0,0,0,1,0,0,0,0,0,0
serial,0,0,0,0,0,0,0,0,0,0,0,0,0,1,0,0,0,0,0,0
murderer,0,0,0,0,0,0,0,0,0,0,0,0,0,1,0,0,0,0,0,0
terrorized,0,0,0,0,0,0,0,0,0,0,0,0,0,1,0,0,0,0,0,0
san,0,0,0,0,0,0,0,0,0,0,0,0,0,1,0,0,0,0,0,0
francisco,0,0,0,0,0,0,0,0,0,0,0,0,0,1,0,0,0,0,0,0
bay,0,0,0,0,0,0,0,0,0,0,0,0,0,1,0,0,0,0,0,0
area,0,0,0,0,0,0,0,0,0,0,0,0,0,1,0,0,0,0,0,0
late,0,0,0,0,0,0,0,0,0,0,0,0,0,1,0,0,0,0,0,0
1970s,0,0,0,0,0,0,0,0,0,0,0,0,0,1,0,0,0,0,0,0
taunting,0,0,0,0,0,0,0,0,0,0,0,0,0,1,0,0,0,0,0,0
letters,0,0,0,0,0,0,0,0,0,0,0,0,0,1,0,0,0,0,0,0
bloodstained,0,0,0,0,0,0,0,0,0,0,0,0,0,1,0,0,0,0,0,0
clothing,0,0,0,0,0,0,0,0,0,0,0,0,0,1,0,0,0,0,0,0
ciphers,0,0,0,0,0,0,0,0,0,0,0,0,0,1,0,0,0,0,0,0
mailed,0,0,0,0,0,0,0,0,0,0,0,0,0,1,0,0,0,0,0,0
united,0,0,0,0,0,0,0,0,0,0,0,0,0,1,0,0,0,0,0,0
states',0,0,0,0,0,0,0,0,0,0,0,0,0,1,0,0,0,0,0,0
infamous,0,0,0,0,0,0,0,0,0,0,0,0,0,1,0,0,0,0,0,0
unsolved,0,0,0,0,0,0,0,0,0,0,0,0,0,1,1,0,0,0,0,0
crimes,0,0,0,0,0,0,0,0,0,0,0,0,0,1,0,0,0,0,0,0
fincher,0,0,0,0,0,0,0,0,0,0,0,0,0,1,0,0,0,0,0,0
vanderbilt,0,0,0,0,0,0,0,0,0,0,0,0,0,1,0,0,0,0,0,0
producer,0,0,0,0,0,0,0,0,0,0,0,0,0,1,0,0,0,0,0,0
bradley,0,0,0,0,0,0,0,0,0,0,0,0,0,1,0,0,0,0,0,0
j,0,0,0,0,0,0,0,0,0,0,0,0,0,1,0,0,0,0,0,0
fischer,0,0,0,0,0,0,0,0,0,0,0,0,0,1,0,0,0,0,0,0
18,0,0,0,0,0,0,0,0,0,0,0,0,0,1,0,0,0,0,0,0
conducting,0,0,0,0,0,0,0,0,0,0,0,0,0,1,0,0,0,0,0,0
investigation,0,0,0,0,0,0,0,0,0,0,0,0,0,1,0,0,0,0,0,0
murders,0,0,0,0,0,0,0,0,0,0,0,0,0,1,0,0,0,0,0,0
employed,0,0,0,0,0,0,0,0,0,0,0,0,0,1,0,0,0,0,0,0
digital,0,0,0,0,0,0,0,0,0,0,0,0,0,1,0,0,0,0,0,0
thomson,0,0,0,0,0,0,0,0,0,0,0,0,0,1,0,0,0,0,0,0
viper,0,0,0,0,0,0,0,0,0,0,0,0,0,1,0,0,0,0,0,0
filmstream,0,0,0,0,0,0,0,0,0,0,0,0,0,1,0,0,0,0,0,0
camera,0,0,0,0,0,0,0,0,0,0,0,0,0,1,0,0,0,0,0,0
photograph,0,0,0,0,0,0,0,0,0,0,0,0,0,1,0,0,0,0,0,0
film,0,0,0,0,0,0,0,0,0,0,0,0,0,1,0,0,0,0,0,0
highspeed,0,0,0,0,0,0,0,0,0,0,0,0,0,1,0,0,0,0,0,0
cameras,0,0,0,0,0,0,0,0,0,0,0,0,0,1,0,0,0,0,0,0
slowmotion,0,0,0,0,0,0,0,0,0,0,0,0,0,1,0,0,0,0,0,0
murder,0,0,0,0,0,0,0,0,0,0,0,0,0,1,0,0,0,0,0,0
sequences,0,0,0,0,0,0,0,0,0,0,0,0,0,1,0,0,0,0,0,0
packet,0,0,0,0,0,0,0,0,0,0,0,0,0,1,0,0,0,0,0,1
cicada,0,0,0,0,0,0,0,0,0,0,0,0,0,0,1,0,0,0,0,0
3301,0,0,0,0,0,0,0,0,0,0,0,0,0,0,1,0,0,0,0,0
nickname,0,0,0,0,0,0,0,0,0,0,0,0,0,0,1,0,0,0,0,0
given,0,0,0,0,0,0,0,0,0,0,0,0,0,0,1,0,0,0,0,0
organization,0,0,0,0,0,0,0,0,0,0,0,0,0,0,1,0,0,0,0,0
occasions,0,0,0,0,0,0,0,0,0,0,0,0,0,0,1,0,0,0,0,0
posted,0,0,0,0,0,0,0,0,0,0,0,0,0,0,1,0,0,0,0,0
set,0,0,0,0,0,0,0,0,0,0,0,0,0,0,1,0,0,0,0,1
puzzles,0,0,0,0,0,0,0,0,0,0,0,0,0,0,1,0,0,0,0,0
recruit,0,0,0,0,0,0,0,0,0,0,0,0,0,0,1,0,0,0,0,0
codebreakers,0,0,0,0,0,0,0,0,0,0,0,0,0,0,1,0,0,0,0,0
public,0,0,0,0,0,0,0,0,0,0,0,0,0,0,1,0,0,0,0,0
puzzle,0,0,0,0,0,0,0,0,0,0,0,0,0,0,1,0,0,0,0,0
january,0,0,0,0,0,0,0,0,0,0,0,0,0,0,1,0,0,0,0,0
4,0,0,0,0,0,0,0,0,0,0,0,0,0,0,1,0,0,0,0,0
4chan,0,0,0,0,0,0,0,0,0,0,0,0,0,0,1,0,0,0,0,0
approximately,0,0,0,0,0,0,0,0,0,0,0,0,0,0,1,0,0,0,0,0
second,0,0,0,0,0,0,0,0,0,0,0,0,0,0,1,0,0,0,0,0
began,0,0,0,0,0,0,0,0,0,0,0,0,0,0,1,0,0,0,0,0
year,0,0,0,0,0,0,0,0,0,0,0,0,0,0,1,0,0,0,0,0
third,0,0,0,0,0,0,0,0,0,0,0,0,0,0,1,0,0,0,0,0
confirmation,0,0,0,0,0,0,0,0,0,0,0,0,0,0,1,0,0,0,0,0
fresh,0,0,0,0,0,0,0,0,0,0,0,0,0,0,1,0,0,0,0,0
clue,0,0,0,0,0,0,0,0,0,0,0,0,0,0,1,0,0,0,0,0
stated,0,0,0,0,0,0,0,0,0,0,0,0,0,0,1,0,0,0,0,0
intent,0,0,0,0,0,0,0,0,0,0,0,0,0,0,1,0,0,0,0,0
individuals,0,0,0,0,0,0,0,0,0,0,0,0,0,0,1,0,0,0,0,0
presenting,0,0,0,0,0,0,0,0,0,0,0,0,0,0,1,0,0,0,0,0
series,0,0,0,0,0,0,0,0,0,0,0,0,0,0,1,0,0,0,1,0
solved,0,0,0,0,0,0,0,0,0,0,0,0,0,0,1,0,0,0,0,0
2015,0,0,0,0,0,0,0,0,0,0,0,0,0,0,1,0,0,0,0,0
april,0,0,0,0,0,0,0,0,0,0,0,0,0,0,1,0,0,0,0,0
2017,0,0,0,0,0,0,0,0,0,0,0,0,0,0,1,0,0,0,0,0
verified,0,0,0,0,0,0,0,0,0,0,0,0,0,0,1,0,0,0,0,0
pgpsigned,0,0,0,0,0,0,0,0,0,0,0,0,0,0,1,0,0,0,0,0
message,0,0,0,0,0,0,0,0,0,0,0,0,0,0,1,0,0,0,0,0
found,0,0,0,0,0,0,0,0,0,0,0,0,0,0,1,0,0,0,0,0
beware,0,0,0,0,0,0,0,0,0,0,0,0,0,0,1,0,0,0,0,0
false,0,0,0,0,0,0,0,0,0,0,0,0,0,0,1,0,0,0,0,0
paths,0,0,0,0,0,0,0,0,0,0,0,0,0,0,1,0,0,0,0,0
verify,0,0,0,0,0,0,0,0,0,0,0,0,0,0,1,0,0,0,0,0
pgp,0,0,0,0,0,0,0,0,0,0,0,0,0,0,1,0,0,0,0,0
signature,0,0,0,0,0,0,0,0,0,0,0,0,0,0,1,0,0,0,0,0
7a35090f,0,0,0,0,0,0,0,0,0,0,0,0,0,0,1,0,0,0,0,0
explicitly,0,0,0,0,0,0,0,0,0,0,0,0,0,0,1,0,0,0,0,0
denies,0,0,0,0,0,0,0,0,0,0,0,0,0,0,1,0,0,0,0,0
validity,0,0,0,0,0,0,0,0,0,0,0,0,0,0,1,0,0,0,0,0
unsigned,0,0,0,0,0,0,0,0,0,0,0,0,0,0,1,0,0,0,0,0
recently,0,0,0,0,0,0,0,0,0,0,0,0,0,0,1,0,0,0,0,0
focused,0,0,0,0,0,0,0,0,0,0,0,0,0,0,1,0,0,0,0,0
heavily,0,0,0,0,0,0,0,0,0,0,0,0,0,0,1,0,0,0,0,0
security,0,0,0,0,0,0,0,0,0,0,0,0,0,0,1,0,0,1,1,0
cryptography,0,0,0,0,0,0,0,0,0,0,0,0,0,0,1,0,0,0,0,0
steganography,0,0,0,0,0,0,0,0,0,0,0,0,0,0,1,0,0,0,0,0
anonymity,0,0,0,0,0,0,0,0,0,0,0,0,0,0,1,0,0,0,0,0
surveillance,0,0,0,0,0,0,0,0,0,0,0,0,0,0,1,0,0,0,0,0
elaborate,0,0,0,0,0,0,0,0,0,0,0,0,0,0,1,0,0,0,0,0
age11,0,0,0,0,0,0,0,0,0,0,0,0,0,0,1,0,0,0,0,0
listed,0,0,0,0,0,0,0,0,0,0,0,0,0,0,1,0,0,0,0,0
eeriest,0,0,0,0,0,0,0,0,0,0,0,0,0,0,1,0,0,0,0,0
mysteries,0,0,0,0,0,0,0,0,0,0,0,0,0,0,1,0,0,0,0,0
speculation,0,0,0,0,0,0,0,0,0,0,0,0,0,0,1,0,0,0,0,0
exists,0,0,0,0,0,0,0,0,0,0,0,0,0,0,1,0,0,0,0,0
function,0,0,0,0,0,0,0,0,0,0,0,0,0,0,1,0,0,0,0,0
speculated,0,0,0,0,0,0,0,0,0,0,0,0,0,0,1,0,0,0,0,0
recruitment,0,0,0,0,0,0,0,0,0,0,0,0,0,0,1,0,0,0,0,0
tool,0,0,0,0,0,0,0,0,0,0,0,0,0,0,1,0,0,0,0,0
nsa,0,0,0,0,0,0,0,0,0,0,0,0,0,0,1,0,0,1,0,0
cia,0,0,0,0,0,0,0,0,0,0,0,0,0,0,1,0,0,0,0,0
mi6,0,0,0,0,0,0,0,0,0,0,0,0,0,0,1,0,0,0,0,0
masonic,0,0,0,0,0,0,0,0,0,0,0,0,0,0,1,0,0,0,0,0
conspiracy,0,0,0,0,0,0,0,0,0,0,0,0,0,0,1,0,0,0,0,0
cyber,0,0,0,0,0,0,0,0,0,0,0,0,0,0,1,0,0,0,0,0
mercenary,0,0,0,0,0,0,0,0,0,0,0,0,0,0,1,0,0,0,0,0
claimed,0,0,0,0,0,0,0,0,0,0,0,0,0,0,1,0,0,0,0,0
alternate,0,0,0,0,0,0,0,0,0,0,0,0,0,0,1,0,0,0,0,0
reality,0,0,0,0,0,0,0,0,0,0,0,0,0,0,1,0,0,0,0,0
individual,0,0,0,0,0,0,0,0,0,0,0,0,0,0,1,0,0,0,0,0
credit,0,0,0,0,0,0,0,0,0,0,0,0,0,0,1,0,0,0,0,0
attempted,0,0,0,0,0,0,0,0,0,0,0,0,0,0,1,0,0,0,0,0
monetize,0,0,0,0,0,0,0,0,0,0,0,0,0,0,1,0,0,0,0,0
nice,0,0,0,0,0,0,0,0,0,0,0,0,0,0,0,1,0,0,0,0
git,0,0,0,0,0,0,0,0,0,0,0,0,0,0,0,1,0,0,0,0
great,0,0,0,0,0,0,0,0,0,0,0,0,0,0,0,1,0,0,0,0
panda,0,0,0,0,0,0,0,0,0,0,0,0,0,0,0,1,0,0,0,0
rosedu,0,0,0,0,0,0,0,0,0,0,0,0,0,0,0,1,0,0,0,0
anyone,0,0,0,0,0,0,0,0,0,0,0,0,0,0,0,0,1,0,0,0
inspect,0,0,0,0,0,0,0,0,0,0,0,0,0,0,0,0,1,0,0,0
modify,0,0,0,0,0,0,0,0,0,0,0,0,0,0,0,0,1,0,0,0
enhance,0,0,0,0,0,0,0,0,0,0,0,0,0,0,0,0,1,0,0,0
manipulate,0,0,0,0,0,0,0,0,0,0,0,0,0,0,0,0,1,0,0,0
piece,0,0,0,0,0,0,0,0,0,0,0,0,0,0,0,0,1,0,0,0
program,0,0,0,0,0,0,0,0,0,0,0,0,0,0,0,0,1,0,0,0
program's,0,0,0,0,0,0,0,0,0,0,0,0,0,0,0,0,1,0,0,0
adding,0,0,0,0,0,0,0,0,0,0,0,0,0,0,0,0,1,0,0,0
fixing,0,0,0,0,0,0,0,0,0,0,0,0,0,0,0,0,1,0,0,0
parts,0,0,0,0,0,0,0,0,0,0,0,0,0,0,0,0,1,0,0,0
correctly,0,0,0,0,0,0,0,0,0,0,0,0,0,0,0,0,1,0,0,0
ghidra,0,0,0,0,0,0,0,0,0,0,0,0,0,0,0,0,0,1,0,0
reverse,0,0,0,0,0,0,0,0,0,0,0,0,0,0,0,0,0,1,1,0
engineering,0,0,0,0,0,0,0,0,0,0,0,0,0,0,0,0,0,1,0,0
sre,0,0,0,0,0,0,0,0,0,0,0,0,0,0,0,0,0,1,0,0
framework,0,0,0,0,0,0,0,0,0,0,0,0,0,0,0,0,0,1,0,1
created,0,0,0,0,0,0,0,0,0,0,0,0,0,0,0,0,0,1,1,0
maintained,0,0,0,0,0,0,0,0,0,0,0,0,0,0,0,0,0,1,0,0
national,0,0,0,0,0,0,0,0,0,0,0,0,0,0,0,0,0,1,0,0
agency,0,0,0,0,0,0,0,0,0,0,0,0,0,0,0,0,0,1,0,0
directorate,0,0,0,0,0,0,0,0,0,0,0,0,0,0,0,0,0,1,0,0
fullfeatured,0,0,0,0,0,0,0,0,0,0,0,0,0,0,0,0,0,1,0,0
highend,0,0,0,0,0,0,0,0,0,0,0,0,0,0,0,0,0,1,0,0
analysis,0,0,0,0,0,0,0,0,0,0,0,0,0,0,0,0,0,1,0,0
enable,0,0,0,0,0,0,0,0,0,0,0,0,0,0,0,0,0,1,0,0
analyze,0,0,0,0,0,0,0,0,0,0,0,0,0,0,0,0,0,1,0,0
compiled,0,0,0,0,0,0,0,0,0,0,0,0,0,0,0,0,0,1,0,0
platforms,0,0,0,0,0,0,0,0,0,0,0,0,0,0,0,0,0,1,0,0
windows,0,0,0,0,0,0,0,0,0,0,0,0,0,0,0,0,0,1,0,0
macos,0,0,0,0,0,0,0,0,0,0,0,0,0,0,0,0,0,1,0,0
capabilities,0,0,0,0,0,0,0,0,0,0,0,0,0,0,0,0,0,1,0,0
disassembly,0,0,0,0,0,0,0,0,0,0,0,0,0,0,0,0,0,1,0,0
decompilation,0,0,0,0,0,0,0,0,0,0,0,0,0,0,0,0,0,1,0,0
graphing,0,0,0,0,0,0,0,0,0,0,0,0,0,0,0,0,0,1,0,0
scripting,0,0,0,0,0,0,0,0,0,0,0,0,0,0,0,0,0,1,0,0
hundreds,0,0,0,0,0,0,0,0,0,0,0,0,0,0,0,0,0,1,0,0
supports,0,0,0,0,0,0,0,0,0,0,0,0,0,0,0,0,0,1,0,0
wide,0,0,0,0,0,0,0,0,0,0,0,0,0,0,0,0,0,1,0,0
instruction,0,0,0,0,0,0,0,0,0,0,0,0,0,0,0,0,0,1,0,0
sets,0,0,0,0,0,0,0,0,0,0,0,0,0,0,0,0,0,1,0,0
formats,0,0,0,0,0,0,0,0,0,0,0,0,0,0,0,0,0,1,0,0
userinteractive,0,0,0,0,0,0,0,0,0,0,0,0,0,0,0,0,0,1,0,0
automated,0,0,0,0,0,0,0,0,0,0,0,0,0,0,0,0,0,1,0,0
modes,0,0,0,0,0,0,0,0,0,0,0,0,0,0,0,0,0,1,0,0
develop,0,0,0,0,0,0,0,0,0,0,0,0,0,0,0,0,0,1,0,0
plugin,0,0,0,0,0,0,0,0,0,0,0,0,0,0,0,0,0,1,0,0
components,0,0,0,0,0,0,0,0,0,0,0,0,0,0,0,0,0,1,0,0
andor,0,0,0,0,0,0,0,0,0,0,0,0,0,0,0,0,0,1,0,0
scripts,0,0,0,0,0,0,0,0,0,0,0,0,0,0,0,0,0,1,0,0
java,0,0,0,0,0,0,0,0,0,0,0,0,0,0,0,0,0,1,0,0
support,0,0,0,0,0,0,0,0,0,0,0,0,0,0,0,0,0,1,0,0
nsa's,0,0,0,0,0,0,0,0,0,0,0,0,0,0,0,0,0,1,0,0
mission,0,0,0,0,0,0,0,0,0,0,0,0,0,0,0,0,0,1,0,0
built,0,0,0,0,0,0,0,0,0,0,0,0,0,0,0,0,0,1,0,0
solve,0,0,0,0,0,0,0,0,0,0,0,0,0,0,0,0,0,1,1,0
scaling,0,0,0,0,0,0,0,0,0,0,0,0,0,0,0,0,0,1,0,0
teaming,0,0,0,0,0,0,0,0,0,0,0,0,0,0,0,0,0,1,0,0
complex,0,0,0,0,0,0,0,0,0,0,0,0,0,0,0,0,0,1,0,0
efforts,0,0,0,0,0,0,0,0,0,0,0,0,0,0,0,0,0,1,0,0
provide,0,0,0,0,0,0,0,0,0,0,0,0,0,0,0,0,0,1,0,1
customizable,0,0,0,0,0,0,0,0,0,0,0,0,0,0,0,0,0,1,0,0
extensible,0,0,0,0,0,0,0,0,0,0,0,0,0,0,0,0,0,1,0,0
applied,0,0,0,0,0,0,0,0,0,0,0,0,0,0,0,0,0,1,0,1
involve,0,0,0,0,0,0,0,0,0,0,0,0,0,0,0,0,0,1,0,0
analyzing,0,0,0,0,0,0,0,0,0,0,0,0,0,0,0,0,0,1,0,0
insights,0,0,0,0,0,0,0,0,0,0,0,0,0,0,0,0,0,1,0,0
analysts,0,0,0,0,0,0,0,0,0,0,0,0,0,0,0,0,0,1,0,0
better,0,0,0,0,0,0,0,0,0,0,0,0,0,0,0,0,0,1,0,0
potential,0,0,0,0,0,0,0,0,0,0,0,0,0,0,0,0,0,1,0,0
networks,0,0,0,0,0,0,0,0,0,0,0,0,0,0,0,0,0,1,0,0
picoctf,0,0,0,0,0,0,0,0,0,0,0,0,0,0,0,0,0,0,1,0
targeted,0,0,0,0,0,0,0,0,0,0,0,0,0,0,0,0,0,0,1,0
middle,0,0,0,0,0,0,0,0,0,0,0,0,0,0,0,0,0,0,1,0
students,0,0,0,0,0,0,0,0,0,0,0,0,0,0,0,0,0,0,1,0
experts,0,0,0,0,0,0,0,0,0,0,0,0,0,0,0,0,0,0,1,0
carnegie,0,0,0,0,0,0,0,0,0,0,0,0,0,0,0,0,0,0,1,0
mellon,0,0,0,0,0,0,0,0,0,0,0,0,0,0,0,0,0,0,1,0
university,0,0,0,0,0,0,0,0,0,0,0,0,0,0,0,0,0,0,1,0
consists,0,0,0,0,0,0,0,0,0,0,0,0,0,0,0,0,0,0,1,0
challenges,0,0,0,0,0,0,0,0,0,0,0,0,0,0,0,0,0,0,1,0
centered,0,0,0,0,0,0,0,0,0,0,0,0,0,0,0,0,0,0,1,0
storyline,0,0,0,0,0,0,0,0,0,0,0,0,0,0,0,0,0,0,1,0
participants,0,0,0,0,0,0,0,0,0,0,0,0,0,0,0,0,0,0,1,0
must,0,0,0,0,0,0,0,0,0,0,0,0,0,0,0,0,0,0,1,0
hack,0,0,0,0,0,0,0,0,0,0,0,0,0,0,0,0,0,0,1,0
decrypt,0,0,0,0,0,0,0,0,0,0,0,0,0,0,0,0,0,0,1,0
whatever,0,0,0,0,0,0,0,0,0,0,0,0,0,0,0,0,0,0,1,0
takes,0,0,0,0,0,0,0,0,0,0,0,0,0,0,0,0,0,0,1,0
challenge,0,0,0,0,0,0,0,0,0,0,0,0,0,0,0,0,0,0,1,0
netfilter,0,0,0,0,0,0,0,0,0,0,0,0,0,0,0,0,0,0,0,1
provided,0,0,0,0,0,0,0,0,0,0,0,0,0,0,0,0,0,0,0,1
networkingrelated,0,0,0,0,0,0,0,0,0,0,0,0,0,0,0,0,0,0,0,1
operations,0,0,0,0,0,0,0,0,0,0,0,0,0,0,0,0,0,0,0,1
implemented,0,0,0,0,0,0,0,0,0,0,0,0,0,0,0,0,0,0,0,1
customized,0,0,0,0,0,0,0,0,0,0,0,0,0,0,0,0,0,0,0,1
handlers,0,0,0,0,0,0,0,0,0,0,0,0,0,0,0,0,0,0,0,1
offers,0,0,0,0,0,0,0,0,0,0,0,0,0,0,0,0,0,0,0,1
functions,0,0,0,0,0,0,0,0,0,0,0,0,0,0,0,0,0,0,0,1
filtering,0,0,0,0,0,0,0,0,0,0,0,0,0,0,0,0,0,0,0,1
network,0,0,0,0,0,0,0,0,0,0,0,0,0,0,0,0,0,0,0,1
translation,0,0,0,0,0,0,0,0,0,0,0,0,0,0,0,0,0,0,0,1
port,0,0,0,0,0,0,0,0,0,0,0,0,0,0,0,0,0,0,0,1
functionality,0,0,0,0,0,0,0,0,0,0,0,0,0,0,0,0,0,0,0,1
directing,0,0,0,0,0,0,0,0,0,0,0,0,0,0,0,0,0,0,0,1
packets,0,0,0,0,0,0,0,0,0,0,0,0,0,0,0,0,0,0,0,1
prohibiting,0,0,0,0,0,0,0,0,0,0,0,0,0,0,0,0,0,0,0,1
reaching,0,0,0,0,0,0,0,0,0,0,0,0,0,0,0,0,0,0,0,1
sensitive,0,0,0,0,0,0,0,0,0,0,0,0,0,0,0,0,0,0,0,1
locations,0,0,0,0,0,0,0,0,0,0,0,0,0,0,0,0,0,0,0,1
within,0,0,0,0,0,0,0,0,0,0,0,0,0,0,0,0,0,0,0,1
represents,0,0,0,0,0,0,0,0,0,0,0,0,0,0,0,0,0,0,0,1
hooks,0,0,0,0,0,0,0,0,0,0,0,0,0,0,0,0,0,0,0,1
allowing,0,0,0,0,0,0,0,0,0,0,0,0,0,0,0,0,0,0,0,1
modules,0,0,0,0,0,0,0,0,0,0,0,0,0,0,0,0,0,0,0,1
register,0,0,0,0,0,0,0,0,0,0,0,0,0,0,0,0,0,0,0,1
callback,0,0,0,0,0,0,0,0,0,0,0,0,0,0,0,0,0,0,0,1
kernel's,0,0,0,0,0,0,0,0,0,0,0,0,0,0,0,0,0,0,0,1
networking,0,0,0,0,0,0,0,0,0,0,0,0,0,0,0,0,0,0,0,1
usually,0,0,0,0,0,0,0,0,0,0,0,0,0,0,0,0,0,0,0,1
traffic,0,0,0,0,0,0,0,0,0,0,0,0,0,0,0,0,0,0,0,1
modification,0,0,0,0,0,0,0,0,0,0,0,0,0,0,0,0,0,0,0,1
rules,0,0,0,0,0,0,0,0,0,0,0,0,0,0,0,0,0,0,0,1
traverses,0,0,0,0,0,0,0,0,0,0,0,0,0,0,0,0,0,0,0,1
respective,0,0,0,0,0,0,0,0,0,0,0,0,0,0,0,0,0,0,0,1
hook,0,0,0,0,0,0,0,0,0,0,0,0,0,0,0,0,0,0,0,1
